cod_mun6;ano;mes;data_ref;pandemic;MP25;NO2;O3;n_estacoes;internacoes;obitos;custo_total;municipio;mes_nome;TEMP;UR;VV;n_estacoes_clima;populacao
350950;2017;1;01/01/2017;0;10;14;48;2;421;48;787095,14;Campinas;Janeiro;24,65;79;1,75;2;1.139.047
350950;2017;2;01/02/2017;0;13;14,5;54,5;2;396;32;533016,79;Campinas;Fevereiro;25,85;72,5;1,95;2;1.139.047
350950;2017;3;01/03/2017;0;13;15,5;43;2;479;37;656821,37;Campinas;Março;23,45;73,5;2,15;2;1.139.047
350950;2017;4;01/04/2017;0;16;17;41,5;2;531;28;667035,74;Campinas;Abril;23;71,5;2,25;2;1.139.047
350950;2017;5;01/05/2017;0;18;22,5;32,5;2;672;43;971739,49;Campinas;Maio;20,35;78,5;1,75;2;1.139.047
350950;2017;6;01/06/2017;0;16;23;29,5;2;629;43;695719,55;Campinas;Junho;18,7;76;1,65;2;1.139.047
350950;2017;7;01/07/2017;0;21;22,5;39;2;647;54;1190056,66;Campinas;Julho;18,35;64;1,55;2;1.139.047
350950;2017;8;01/08/2017;0;22;24,5;45,5;2;569;46;963099,1;Campinas;Agosto;19,55;63;2,2;2;1.139.047
350950;2017;9;01/09/2017;0;34;25;67;2;517;50;818332,23;Campinas;Setembro;23,55;70,5;2,05;2;1.139.047
350950;2017;10;01/10/2017;0;18;18,5;58;2;479;47;926331,51;Campinas;Outubro;23,55;68;2,25;2;1.139.047
350950;2017;11;01/11/2017;0;12;12,5;55;2;485;35;888407,08;Campinas;Novembro;23;69;2,5;2;1.139.047
350950;2017;12;01/12/2017;0;12;11,5;55,5;2;416;35;698637,77;Campinas;Dezembro;24,6;72,5;2,2;2;1.139.047
350950;2018;1;01/01/2018;0;11;11,5;51,5;2;382;27;744763,67;Campinas;Janeiro;24,1;78;2,05;2;1.139.047
350950;2018;2;01/02/2018;0;11;12,5;46;2;386;39;725124,69;Campinas;Fevereiro;23,95;69;2,25;2;1.139.047
350950;2018;3;01/03/2018;0;14;14,5;53;2;415;27;713066,52;Campinas;Março;25,55;69;1,85;2;1.139.047
350950;2018;4;01/04/2018;0;15;16,5;48,5;2;477;29;689535,64;Campinas;Abril;22,9;66;1,9;2;1.139.047
350950;2018;5;01/05/2018;0;20;20,5;44,5;2;614;29;895798,66;Campinas;Maio;20,5;63;1,8;2;1.139.047
350950;2018;6;01/06/2018;0;22;27,5;29,5;2;624;35;966319,92;Campinas;Junho;19,95;65;1,55;2;1.139.047
350950;2018;7;01/07/2018;0;30;33;40;2;508;31;824122,09;Campinas;Julho;19,4;56;1,5;2;1.139.047
350950;2018;8;01/08/2018;0;16;23,5;40,5;2;437;19;610082,19;Campinas;Agosto;18,9;67;2,1;2;1.139.047
350950;2018;9;01/09/2018;0;17;19;53;2;457;34;741878,85;Campinas;Setembro;21,6;65;2,2;2;1.139.047
350950;2018;10;01/10/2018;0;12;15,5;51,5;2;520;24;762179,58;Campinas;Outubro;22,7;71;2,45;2;1.139.047
350950;2018;11;01/11/2018;0;10;10,5;47,5;2;536;41;1020331,28;Campinas;Novembro;23,4;68;2,65;2;1.139.047
350950;2018;12;01/12/2018;0;12;13,5;60;2;438;29;831029,14;Campinas;Dezembro;25,5;61;2,1;2;1.139.047
350950;2019;1;01/01/2019;0;13;9;59;2;437;42;671387,59;Campinas;Janeiro;26,3;66;1,75;2;1.139.047
350950;2019;2;01/02/2019;0;10;12;45,5;2;358;32;541577,83;Campinas;Fevereiro;24,6;71;1,85;2;1.139.047
350950;2019;3;01/03/2019;0;10;10;46,5;2;427;32;619663,16;Campinas;Março;24,55;70;2,05;2;1.139.047
350950;2019;4;01/04/2019;0;16;15;47;2;582;46;822567,64;Campinas;Abril;23,8;70;1,7;2;1.139.047
350950;2019;5;01/05/2019;0;25;21;36;2;638;45;1222129,65;Campinas;Maio;21,6;70;1,55;2;1.139.047
350950;2019;6;01/06/2019;0;27;23;33;2;551;62;936286,96;Campinas;Junho;19,7;64;1,45;2;1.139.047
350950;2019;7;01/07/2019;0;26;25;37,5;2;636;55;1190264,08;Campinas;Julho;18,05;62;1,6;2;1.139.047
350950;2019;8;01/08/2019;0;24;26;44,5;2;515;42;928039,2;Campinas;Agosto;19,95;60;2,35;2;1.139.047
350950;2019;9;01/09/2019;0;24;24;48;2;477;25;676409,72;Campinas;Setembro;22,1;64;2,35;2;1.139.047
350950;2019;10;01/10/2019;0;24;15;65;2;464;32;867209,86;Campinas;Outubro;25,15;57;2,4;2;1.139.047
350950;2019;11;01/11/2019;0;16;10;54,5;2;462;27;701053,05;Campinas;Novembro;24,05;66;2,6;2;1.139.047
350950;2019;12;01/12/2019;0;15;9;51,5;2;500;35;686906,06;Campinas;Dezembro;24,55;68;2,1;2;1.139.047
350950;2020;1;01/01/2020;0;11;8;43,5;2;448;24;654723,93;Campinas;Janeiro;24,75;70;2,1;2;1.139.047
350950;2020;2;01/02/2020;0;8;8;42;2;501;51;869928,21;Campinas;Fevereiro;23,85;75;2,1;2;1.139.047
350950;2020;3;01/03/2020;1;12;6;50;2;477;34;587142,58;Campinas;Março;23,7;66;2,3;2;1.139.047
350950;2020;4;01/04/2020;1;16;8;47;2;411;52;708186,59;Campinas;Abril;22,15;62;2,1;2;1.139.047
350950;2020;5;01/05/2020;1;19;16;35;2;329;58;731853,51;Campinas;Maio;18,8;59;1,65;2;1.139.047
350950;2020;6;01/06/2020;1;;17;28,5;2;416;63;825200,07;Campinas;Junho;20,1;67;1,6;2;1.139.047
350950;2020;7;01/07/2020;1;;21;33,5;2;377;43;604218,89;Campinas;Julho;19,65;59;1,75;2;1.139.047
350950;2020;8;01/08/2020;1;;16;42,5;2;442;53;584306,67;Campinas;Agosto;19,55;59;2,15;2;1.139.047
350950;2020;9;01/09/2020;1;;24;72;1;469;39;847762,85;Campinas;Setembro;24,3;;1,6;2;1.139.047
350950;2020;10;01/10/2020;1;10;5;56;2;343;37;567624,24;Campinas;Outubro;23,95;58;2,5;2;1.139.047
350950;2020;11;01/11/2020;1;12;9;55;2;294;23;735448,55;Campinas;Novembro;23,65;60;2,45;2;1.139.047
350950;2020;12;01/12/2020;1;9;7;46;2;316;29;485650,51;Campinas;Dezembro;24,35;71;2,1;2;1.139.047
350950;2021;1;01/01/2021;1;11;6;45,5;2;352;45;542129,7;Campinas;Janeiro;25,4;70;1,95;2;1.139.047
350950;2021;2;01/02/2021;1;11;8;44;2;397;37;710268,95;Campinas;Fevereiro;24,4;69;2;2;1.139.047
350950;2021;3;01/03/2021;1;16;6;47,5;2;420;39;645837,39;Campinas;Março;25,45;63;1,75;2;1.139.047
350950;2021;4;01/04/2021;1;13;9;43;2;400;57;881528,93;Campinas;Abril;21,8;64;2,2;2;1.139.047
350950;2021;5;01/05/2021;1;21;21;34,5;2;399;42;817981,84;Campinas;Maio;19,75;64;1,6;2;1.139.047
350950;2021;6;01/06/2021;1;18;20;31;2;541;65;944255,37;Campinas;Junho;18,75;67;1,6;2;1.139.047
350950;2021;7;01/07/2021;1;22;20;39,5;2;481;44;849296,28;Campinas;Julho;17,25;53;1,8;2;1.139.047
350950;2021;8;01/08/2021;1;25;21;44;2;510;44;1257791,25;Campinas;Agosto;20,5;54;2,2;2;1.139.047
350950;2021;9;01/09/2021;1;21;19;64,5;2;426;27;806205,55;Campinas;Setembro;23,75;52;2,55;2;1.139.047
350950;2021;10;01/10/2021;1;10;10;48,5;2;379;30;720364,85;Campinas;Outubro;21,9;69;2,6;2;1.139.047
350950;2021;11;01/11/2021;1;11;10;53,5;2;437;51;896064,25;Campinas;Novembro;23,75;59;2,55;2;1.139.047
350950;2021;12;01/12/2021;1;10;9;46,5;2;485;43;1075438,75;Campinas;Dezembro;23,95;64;2,35;2;1.139.047
350950;2022;1;01/01/2022;1;11;;44;2;620;46;1129978,5;Campinas;Janeiro;24,45;73;1,85;2;1.139.047
350950;2022;2;01/02/2022;1;12;12;46,5;2;537;53;978177,68;Campinas;Fevereiro;24,95;67;2,05;2;1.139.047
350950;2022;3;01/03/2022;1;;9;56;1;599;41;908749,97;Campinas;Março;25,5;;1,4;2;1.139.047
350950;2022;4;01/04/2022;1;16;;51,5;2;500;27;746791,74;Campinas;Abril;23,15;62;2,05;2;1.139.047
350950;2022;5;01/05/2022;1;16;;38,5;2;638;31;1161141,84;Campinas;Maio;18,95;63;1,7;2;1.139.047
350950;2022;6;01/06/2022;0;18;;33;2;646;41;1293935,37;Campinas;Junho;18,55;68;1,55;2;1.139.047
350950;2022;7;01/07/2022;0;21;;40;2;618;44;1154506,97;Campinas;Julho;20,2;55;1,65;2;1.139.047
350950;2022;8;01/08/2022;0;17;;43;2;574;45;986386,05;Campinas;Agosto;19,35;59;2,35;2;1.139.047
350950;2022;9;01/09/2022;0;16;;43;2;566;38;1041653,66;Campinas;Setembro;19,6;65;2,65;2;1.139.047
350950;2022;10;01/10/2022;0;13;;54,5;2;594;44;1215191,14;Campinas;Outubro;23,2;65;2,15;2;1.139.047
350950;2022;11;01/11/2022;0;10;;47,5;2;509;42;1036912,53;Campinas;Novembro;22,15;61;2,75;2;1.139.047
350950;2022;12;01/12/2022;0;9;;33;1;442;42;1075555,07;Campinas;Dezembro;23,7;71;2,7;2;1.139.047
350950;2023;1;01/01/2023;0;9;6;38;2;580;46;1193549,01;Campinas;Janeiro;24,4;74;1,95;2;1.139.047
350950;2023;2;01/02/2023;0;9;8;41,5;2;611;22;1026695;Campinas;Fevereiro;24,85;75;1,75;2;1.139.047
350950;2023;3;01/03/2023;0;12;11;46,5;2;664;28;1327818,21;Campinas;Março;25,3;70;1,75;2;1.139.047
350950;2023;4;01/04/2023;0;12;12;40;2;725;38;1667213,65;Campinas;Abril;22,4;71;1,95;2;1.139.047
350950;2023;5;01/05/2023;0;17;18;35,5;2;680;52;1558821,89;Campinas;Maio;20,7;66;1,6;2;1.139.047
350950;2023;6;01/06/2023;0;18;22;31;2;604;43;1221669,75;Campinas;Junho;19,15;68;1,3;2;1.139.047
350950;2023;7;01/07/2023;0;18;;28;1;737;50;1380902,03;Campinas;Julho;19,6;62;2,2;2;1.139.047
350950;2023;8;01/08/2023;0;20;20;35;2;648;55;1339755,34;Campinas;Agosto;21,95;58;2,1;2;1.139.047
350950;2023;9;01/09/2023;0;18;17;40;2;563;50;1322686,4;Campinas;Setembro;25,35;57;2,1;2;1.139.047
350950;2023;10;01/10/2023;0;14;13;36;2;492;38;1177004,89;Campinas;Outubro;24,45;72;2,2;2;1.139.047
350950;2023;11;01/11/2023;0;14;11;58,5;2;492;29;1294469,91;Campinas;Novembro;25,95;63;2,25;2;1.139.047
350950;2023;12;01/12/2023;0;13;9;69;2;423;37;819768,63;Campinas;Dezembro;26,9;61;2,2;2;1.139.047
350950;2024;1;01/01/2024;0;9;7;54;2;419;47;1142138,44;Campinas;Janeiro;25,5;69;2,15;2;1.139.047
350950;2024;2;01/02/2024;0;11;10;49,5;2;434;39;1145323,9;Campinas;Fevereiro;26,25;69;1,75;2;1.139.047
350950;2024;3;01/03/2024;0;11;10;50,5;2;523;39;1173908,14;Campinas;Março;26;71;1,95;2;1.139.047
350950;2024;4;01/04/2024;0;19;16;49;2;653;50;1244165,51;Campinas;Abril;25,45;63;1,75;2;1.139.047
350950;2024;5;01/05/2024;0;20;21;35,5;2;645;56;1230708,64;Campinas;Maio;23,3;61;1,6;2;1.139.047
350950;2024;6;01/06/2024;0;22;24;30,5;2;607;47;1349590,41;Campinas;Junho;21,25;57;1,35;2;1.139.047
350950;2024;7;01/07/2024;0;23;25;36;2;689;43;1383747,47;Campinas;Julho;20,05;63;1,5;2;1.139.047
350950;2024;8;01/08/2024;0;27;27;45,5;2;645;46;1353979,4;Campinas;Agosto;20,95;51;1,55;2;1.139.047
350950;2024;9;01/09/2024;0;37;23;69,5;2;584;43;1293947,32;Campinas;Setembro;25,5;48;2;2;1.139.047
350950;2024;10;01/10/2024;0;14;12;66,5;2;546;44;1375431,9;Campinas;Outubro;24,25;64;2,65;2;1.139.047
350950;2024;11;01/11/2024;0;10;11;53,5;2;527;44;1034222,27;Campinas;Novembro;24,3;69;2,2;2;1.139.047
350950;2024;12;01/12/2024;0;8;9;52;2;530;37;1127201,59;Campinas;Dezembro;25,1;72;2,05;2;1.139.047
350950;2025;1;01/01/2025;0;8;;57;2;502;46;1262929,75;Campinas;Janeiro;25,4;70;2,05;2;1.139.047
350950;2025;2;01/02/2025;0;10;;52;2;409;33;905524,66;Campinas;Fevereiro;27,25;66;1,75;2;1.139.047
350950;2025;3;01/03/2025;0;9;;47;2;509;40;1001074,56;Campinas;Março;26,1;64;2,05;2;1.139.047
350950;2025;4;01/04/2025;0;8;;36,5;2;611;30;1132414,41;Campinas;Abril;23;73;1,95;2;1.139.047
350950;2025;5;01/05/2025;0;11;21;36;2;744;48;1524439,76;Campinas;Maio;21,3;64;1,65;2;1.139.047
350950;2025;6;01/06/2025;0;11;;29;2;709;52;1361815,27;Campinas;Junho;19,1;68;1,45;2;1.139.047
350950;2025;7;01/07/2025;0;13;;43;2;773;77;1794653,47;Campinas;Julho;18,2;62;2,05;2;1.139.047
350950;2025;8;01/08/2025;0;14;;47,5;2;575;37;1392132,07;Campinas;Agosto;20,35;57;2,05;2;1.139.047
350950;2025;9;01/09/2025;0;12;12;55,5;2;567;56;1511308,05;Campinas;Setembro;23;54;2,6;2;1.139.047
350950;2025;10;01/10/2025;0;13;13;48;2;533;51;1297959,4;Campinas;Outubro;22,55;62;2,35;2;1.139.047
350950;2025;11;01/11/2025;0;12;11;54,5;2;457;33;1086498,38;Campinas;Novembro;23,55;63;2,15;2;1.139.047
350950;2025;12;01/12/2025;0;11;8;53,5;2;486;33;1100409,16;Campinas;Dezembro;26,25;64;2;2;1.139.047
351880;2017;1;01/01/2017;0;11;21,5;44;2;299;43;490540,65;Guarulhos;Janeiro;23;80,5;1,85;2;1.291.771
351880;2017;2;01/02/2017;0;17;21,5;50;2;344;37;361251,98;Guarulhos;Fevereiro;24,2;71;1,85;2;1.291.771
351880;2017;3;01/03/2017;0;13,5;21,5;37;2;564;42;584360,47;Guarulhos;Março;22,05;77,5;1,9;2;1.291.771
351880;2017;4;01/04/2017;0;13;21;33,5;2;645;47;683920,35;Guarulhos;Abril;20,15;79;1,85;2;1.291.771
351880;2017;5;01/05/2017;0;17;28;27;2;613;41;556810,42;Guarulhos;Maio;18,55;81,5;1,6;2;1.291.771
351880;2017;6;01/06/2017;0;20;32,5;24,5;2;535;45;616986,62;Guarulhos;Junho;17,9;76,5;1,85;2;1.291.771
351880;2017;7;01/07/2017;0;22,5;31,5;32;2;446;46;556664,99;Guarulhos;Julho;16,3;72,5;1,7;2;1.291.771
351880;2017;8;01/08/2017;0;22;33;35,5;2;497;37;594974,94;Guarulhos;Agosto;17,15;74,5;1,85;2;1.291.771
351880;2017;9;01/09/2017;0;32,5;33,5;61;2;469;46;478422,64;Guarulhos;Setembro;21,15;60,5;1,8;2;1.291.771
351880;2017;10;01/10/2017;0;17,5;27;53;2;546;68;566761,77;Guarulhos;Outubro;21,45;71,5;2,1;2;1.291.771
351880;2017;11;01/11/2017;0;13,5;21;47;2;438;49;614622,96;Guarulhos;Novembro;20,7;74;2,1;2;1.291.771
351880;2017;12;01/12/2017;0;15;20,5;45,5;2;446;53;468328,79;Guarulhos;Dezembro;22,45;76,5;1,95;2;1.291.771
351880;2018;1;01/01/2018;0;13,5;20,5;41,5;2;391;42;486136,99;Guarulhos;Janeiro;22,65;77,5;1,9;2;1.291.771
351880;2018;2;01/02/2018;0;14,5;18,5;37;2;323;37;304652,88;Guarulhos;Fevereiro;22,2;76;1,8;2;1.291.771
351880;2018;3;01/03/2018;0;18;26;41,5;2;440;42;494204,4;Guarulhos;Março;23,25;79;1,6;2;1.291.771
351880;2018;4;01/04/2018;0;23;22,5;39,5;2;574;49;589631,46;Guarulhos;Abril;20,9;75;1,7;2;1.291.771
351880;2018;5;01/05/2018;0;22,5;24,5;36;2;584;46;527259,24;Guarulhos;Maio;18,9;74;1,75;2;1.291.771
351880;2018;6;01/06/2018;0;25;34;25;2;527;41;593028,58;Guarulhos;Junho;18,25;75;1,45;2;1.291.771
351880;2018;7;01/07/2018;0;35,5;39,5;33,5;2;531;59;574383,22;Guarulhos;Julho;18,15;67,5;1,4;2;1.291.771
351880;2018;8;01/08/2018;0;17,5;27;36,5;2;481;58;674953,32;Guarulhos;Agosto;17,1;74,5;1,9;2;1.291.771
351880;2018;9;01/09/2018;0;18;22,5;47;2;398;43;416262,39;Guarulhos;Setembro;19,15;75;2;2;1.291.771
351880;2018;10;01/10/2018;0;13;22;41,5;2;570;53;522387,46;Guarulhos;Outubro;19,9;81,5;1,95;2;1.291.771
351880;2018;11;01/11/2018;0;12;18;39;2;521;41;618677,95;Guarulhos;Novembro;20,8;78,5;2,05;2;1.291.771
351880;2018;12;01/12/2018;0;15,5;21,5;53,5;2;379;47;476887;Guarulhos;Dezembro;23,2;71;1,8;2;1.291.771
351880;2019;1;01/01/2019;0;16;22;45;2;371;58;435752,92;Guarulhos;Janeiro;24,9;73;1,7;2;1.291.771
351880;2019;2;01/02/2019;0;14;19;38;2;295;44;345497,47;Guarulhos;Fevereiro;22,9;77,5;1,8;2;1.291.771
351880;2019;3;01/03/2019;0;13;19;34;2;368;40;404443,83;Guarulhos;Março;22,6;83;1,6;2;1.291.771
351880;2019;4;01/04/2019;0;18,5;22;37;2;550;63;560309,02;Guarulhos;Abril;22,15;78;1,5;2;1.291.771
351880;2019;5;01/05/2019;0;19;25;30,5;2;552;63;611316,85;Guarulhos;Maio;20,6;77,5;1,7;2;1.291.771
351880;2019;6;01/06/2019;0;25;27;26;2;525;67;628454,21;Guarulhos;Junho;18,75;74,5;1,45;2;1.291.771
351880;2019;7;01/07/2019;0;19,5;32;31;2;371;57;495562,66;Guarulhos;Julho;16,75;72;1,55;2;1.291.771
351880;2019;8;01/08/2019;0;20;25;40;2;453;45;448194,28;Guarulhos;Agosto;17,3;74;1,95;2;1.291.771
351880;2019;9;01/09/2019;0;20;25;44;2;410;54;466053,68;Guarulhos;Setembro;19,85;75;1,95;2;1.291.771
351880;2019;10;01/10/2019;0;18,5;20;55,5;2;416;44;497723,37;Guarulhos;Outubro;22,05;71;1,95;2;1.291.771
351880;2019;11;01/11/2019;0;12,5;15;45,5;2;390;41;491724,44;Guarulhos;Novembro;21,15;78;2,15;2;1.291.771
351880;2019;12;01/12/2019;0;12,5;17;45,5;2;435;42;445752,17;Guarulhos;Dezembro;22,3;77;2;2;1.291.771
351880;2020;1;01/01/2020;0;13;16;38,5;2;368;56;395320,11;Guarulhos;Janeiro;22,75;77;1,95;2;1.291.771
351880;2020;2;01/02/2020;0;10;17;33,5;2;346;55;425142,25;Guarulhos;Fevereiro;21,55;84;1,85;2;1.291.771
351880;2020;3;01/03/2020;1;14;15;45,5;2;461;53;476926,22;Guarulhos;Março;21,5;77;1,95;2;1.291.771
351880;2020;4;01/04/2020;1;17;17;46,5;2;337;78;550531,22;Guarulhos;Abril;19,85;74;1,85;2;1.291.771
351880;2020;5;01/05/2020;1;19;22;37,5;2;307;104;436784,79;Guarulhos;Maio;17,45;71;1,85;2;1.291.771
351880;2020;6;01/06/2020;1;19;26;30,5;2;318;86;438905,5;Guarulhos;Junho;19,05;74;1,7;2;1.291.771
351880;2020;7;01/07/2020;1;20;27;36,5;2;384;63;523704,3;Guarulhos;Julho;18,1;71;1,85;2;1.291.771
351880;2020;8;01/08/2020;1;22;26;37,5;2;360;65;531883,43;Guarulhos;Agosto;17,3;75;1,7;2;1.291.771
351880;2020;9;01/09/2020;1;28;26;57,5;2;366;61;457615,43;Guarulhos;Setembro;21,8;68;1,9;2;1.291.771
351880;2020;10;01/10/2020;1;16,5;24;55;2;366;66;491076,64;Guarulhos;Outubro;21,45;72;2;2;1.291.771
351880;2020;11;01/11/2020;1;12,5;18;51,5;2;318;64;570431,5;Guarulhos;Novembro;20,55;75;2;2;1.291.771
351880;2020;12;01/12/2020;1;9;17;44,5;2;236;45;389335,91;Guarulhos;Dezembro;22,4;79;2,05;2;1.291.771
351880;2021;1;01/01/2021;1;11,5;17;44,5;2;328;65;536846,37;Guarulhos;Janeiro;23,9;76;1,95;2;1.291.771
351880;2021;2;01/02/2021;1;9,5;19;42,5;2;361;57;271161,79;Guarulhos;Fevereiro;22,45;78;1,9;2;1.291.771
351880;2021;3;01/03/2021;1;13,5;20;47;2;469;50;463534,06;Guarulhos;Março;23,25;76;1,7;2;1.291.771
351880;2021;4;01/04/2021;1;10,5;17;39;2;300;48;408257,37;Guarulhos;Abril;19,7;76;1,8;2;1.291.771
351880;2021;5;01/05/2021;1;20;27;35;2;312;53;381467,73;Guarulhos;Maio;18,25;74;1,75;2;1.291.771
351880;2021;6;01/06/2021;1;16,5;25;32,5;2;310;49;498809,53;Guarulhos;Junho;17,05;78;1,6;2;1.291.771
351880;2021;7;01/07/2021;1;27;32;36;2;324;62;507098,34;Guarulhos;Julho;15,3;68;1,65;2;1.291.771
351880;2021;8;01/08/2021;1;23,5;31;39;2;335;47;456460,25;Guarulhos;Agosto;18,1;69;1,7;2;1.291.771
351880;2021;9;01/09/2021;1;21,5;28;51;2;331;49;330040,07;Guarulhos;Setembro;20,7;71;1,9;2;1.291.771
351880;2021;10;01/10/2021;1;9,5;19;42;2;349;47;488212,21;Guarulhos;Outubro;18,65;83;2,05;2;1.291.771
351880;2021;11;01/11/2021;1;11,5;18;45,5;2;449;58;444930,32;Guarulhos;Novembro;20,5;74;2,15;2;1.291.771
351880;2021;12;01/12/2021;1;10,5;18;44;2;510;57;689946,91;Guarulhos;Dezembro;21,15;78;1,95;2;1.291.771
351880;2022;1;01/01/2022;1;11;20;43,5;2;472;96;531766,86;Guarulhos;Janeiro;23,1;82;1,75;2;1.291.771
351880;2022;2;01/02/2022;1;12,5;19;49;2;292;52;327302,38;Guarulhos;Fevereiro;22,9;;1,9;2;1.291.771
351880;2022;3;01/03/2022;1;12;23;47,5;2;265;35;318915,7;Guarulhos;Março;23,4;76;1,85;2;1.291.771
351880;2022;4;01/04/2022;1;14;23;42,5;2;451;44;552331,74;Guarulhos;Abril;20,9;77;1,85;2;1.291.771
351880;2022;5;01/05/2022;1;17;29;30;2;306;28;407882,48;Guarulhos;Maio;17,4;75;1,9;2;1.291.771
351880;2022;6;01/06/2022;0;19;33;27,5;2;641;69;681813,81;Guarulhos;Junho;16,75;79;1,6;2;1.291.771
351880;2022;7;01/07/2022;0;25;35;37,5;2;474;33;566957,86;Guarulhos;Julho;18,65;68;1,6;2;1.291.771
351880;2022;8;01/08/2022;0;16,5;29;41,5;2;459;41;893215,66;Guarulhos;Agosto;17,1;73;1,95;2;1.291.771
351880;2022;9;01/09/2022;0;15,5;28;41,5;2;511;69;658123,49;Guarulhos;Setembro;16,7;77;2;2;1.291.771
351880;2022;10;01/10/2022;0;13,5;25;53;2;510;45;709565,83;Guarulhos;Outubro;20,55;77;1,95;2;1.291.771
351880;2022;11;01/11/2022;0;10,5;23;41,5;2;500;45;639714,32;Guarulhos;Novembro;19;76;2,05;2;1.291.771
351880;2022;12;01/12/2022;0;9,5;20;33,5;2;458;54;570636,08;Guarulhos;Dezembro;21,45;79;1,95;2;1.291.771
351880;2023;1;01/01/2023;0;10;19;33;2;330;37;482978,26;Guarulhos;Janeiro;22,2;78;1,85;2;1.291.771
351880;2023;2;01/02/2023;0;9;23;42;2;307;35;405595,17;Guarulhos;Fevereiro;22,85;80;1,95;2;1.291.771
351880;2023;3;01/03/2023;0;12,5;24;44,5;2;443;41;552772,88;Guarulhos;Março;22,75;78;1,7;2;1.291.771
351880;2023;4;01/04/2023;0;11,5;22;40;2;465;61;537439,63;Guarulhos;Abril;19,95;80;1,85;2;1.291.771
351880;2023;5;01/05/2023;0;18;29;36,5;2;558;57;617069,32;Guarulhos;Maio;18,6;78;1,55;2;1.291.771
351880;2023;6;01/06/2023;0;21,5;37;31,5;2;480;54;677137,06;Guarulhos;Junho;17,3;75;1,45;2;1.291.771
351880;2023;7;01/07/2023;0;19,5;31;35;2;483;34;684255,52;Guarulhos;Julho;17,45;72,5;1,75;2;1.291.771
351880;2023;8;01/08/2023;0;19,5;32;43;2;525;70;817575,55;Guarulhos;Agosto;19,15;71,5;1,85;2;1.291.771
351880;2023;9;01/09/2023;0;18,5;31;49;2;379;58;699992,12;Guarulhos;Setembro;22,1;67;1,95;2;1.291.771
351880;2023;10;01/10/2023;0;12,5;23;48;2;398;46;659164,26;Guarulhos;Outubro;21,4;79,5;2,05;2;1.291.771
351880;2023;11;01/11/2023;0;14;22;60,5;2;379;41;528410,8;Guarulhos;Novembro;23,1;72;2,15;2;1.291.771
351880;2023;12;01/12/2023;0;13,5;20;56,5;2;405;42;701913,87;Guarulhos;Dezembro;23,95;70,5;2,1;2;1.291.771
351880;2024;1;01/01/2024;0;10;19;44,5;2;284;48;542643,26;Guarulhos;Janeiro;23,1;76;2;2;1.291.771
351880;2024;2;01/02/2024;0;11,5;21;40;2;312;39;461509,17;Guarulhos;Fevereiro;23,55;77;1,75;2;1.291.771
351880;2024;3;01/03/2024;0;13;;33;1;500;54;628502,26;Guarulhos;Março;23,7;78;1,6;2;1.291.771
351880;2024;4;01/04/2024;0;17;30;36,5;2;535;71;779831,54;Guarulhos;Abril;22,45;75;1,75;2;1.291.771
351880;2024;5;01/05/2024;0;19,5;32;28,5;2;558;84;635718,56;Guarulhos;Maio;20,35;72,5;1,7;2;1.291.771
351880;2024;6;01/06/2024;0;24,5;38;26;2;555;72;703683,35;Guarulhos;Junho;19,7;66;1,4;2;1.291.771
351880;2024;7;01/07/2024;0;24;38;27;2;510;49;695924,5;Guarulhos;Julho;17,35;74,5;1,4;2;1.291.771
351880;2024;8;01/08/2024;0;28,5;42;38;2;628;63;958021,55;Guarulhos;Agosto;18,55;61,5;1,6;2;1.291.771
351880;2024;9;01/09/2024;0;42;39;51,5;2;478;55;738423,52;Guarulhos;Setembro;22,3;61,5;1,75;2;1.291.771
351880;2024;10;01/10/2024;0;11;21;49;2;437;45;712317,01;Guarulhos;Outubro;20,8;76,5;2,25;2;1.291.771
351880;2024;11;01/11/2024;0;12;22;41;2;477;46;601118,7;Guarulhos;Novembro;21,6;75,5;1,95;2;1.291.771
351880;2024;12;01/12/2024;0;9,5;17;38,5;2;405;44;627820,18;Guarulhos;Dezembro;22,55;77,5;2,05;2;1.291.771
351880;2025;1;01/01/2025;0;10;19;35,5;2;348;38;548593,81;Guarulhos;Janeiro;23,15;76;2;2;1.291.771
351880;2025;2;01/02/2025;0;13;23;41,5;2;348;35;587494,73;Guarulhos;Fevereiro;24,75;72,5;1,7;2;1.291.771
351880;2025;3;01/03/2025;0;12,5;20;39;2;528;45;674997,37;Guarulhos;Março;23,05;75;1,85;2;1.291.771
351880;2025;4;01/04/2025;0;11;22;28,5;2;668;62;785684,9;Guarulhos;Abril;20,35;80,5;1,7;2;1.291.771
351880;2025;5;01/05/2025;0;14,5;29;27;2;656;78;758494,62;Guarulhos;Maio;18,9;75,5;1,7;2;1.291.771
351880;2025;6;01/06/2025;0;16,5;31;21,5;2;561;64;818309,17;Guarulhos;Junho;17,15;76,5;1,55;2;1.291.771
351880;2025;7;01/07/2025;0;19,5;32;31;2;571;81;895105,7;Guarulhos;Julho;15,45;74;1,75;2;1.291.771
351880;2025;8;01/08/2025;0;18,5;29;35,5;2;470;61;823050,27;Guarulhos;Agosto;17,3;71;1,8;2;1.291.771
351880;2025;9;01/09/2025;0;15,5;25;43,5;2;536;60;777321,04;Guarulhos;Setembro;19,35;69;2,2;2;1.291.771
351880;2025;10;01/10/2025;0;13;23;39,5;2;527;67;828870,29;Guarulhos;Outubro;19,4;73;2,1;2;1.291.771
351880;2025;11;01/11/2025;0;12;22;42,5;2;388;44;727072,11;Guarulhos;Novembro;20,45;72;2,05;2;1.291.771
351880;2025;12;01/12/2025;0;12,5;22;42,5;2;314;61;646463,89;Guarulhos;Dezembro;23,8;70;2,15;2;1.291.771
353870;2017;1;01/01/2017;0;7;9;43;1;96;10;154076,08;Piracicaba;Janeiro;24,7;78;2;1;423.323
353870;2017;2;01/02/2017;0;10;11;46;1;120;15;164668,74;Piracicaba;Fevereiro;26,1;70;2,1;1;423.323
353870;2017;3;01/03/2017;0;8;12;39;1;127;12;217676,19;Piracicaba;Março;24,5;73;2,2;1;423.323
353870;2017;4;01/04/2017;0;11;15;40;1;156;13;266953,22;Piracicaba;Abril;23,7;72;2,1;1;423.323
353870;2017;5;01/05/2017;0;12;18;30;1;168;11;238539,71;Piracicaba;Maio;20,4;86;1,7;1;423.323
353870;2017;6;01/06/2017;0;14;20;26;1;195;20;307117,72;Piracicaba;Junho;18,1;98;1,8;1;423.323
353870;2017;7;01/07/2017;0;17;20;33;1;173;20;327572,12;Piracicaba;Julho;17;;2;1;423.323
353870;2017;8;01/08/2017;0;17;23;38;1;130;22;237471,55;Piracicaba;Agosto;18,8;;2,1;1;423.323
353870;2017;9;01/09/2017;0;26;21;67;1;116;17;176230,7;Piracicaba;Setembro;23,8;;2,3;1;423.323
353870;2017;10;01/10/2017;0;12;16;56;1;133;13;216470,22;Piracicaba;Outubro;23,9;;2,4;1;423.323
353870;2017;11;01/11/2017;0;9;13;53;1;110;18;156295,48;Piracicaba;Novembro;23,4;;2,4;1;423.323
353870;2017;12;01/12/2017;0;9;11;49;1;89;12;184632,18;Piracicaba;Dezembro;25,1;;2,3;1;423.323
353870;2018;1;01/01/2018;0;7;9;45;1;74;8;101296,23;Piracicaba;Janeiro;23,6;;2,2;1;423.323
353870;2018;2;01/02/2018;0;8;11;41;1;85;16;243658,92;Piracicaba;Fevereiro;23,6;;2,4;1;423.323
353870;2018;3;01/03/2018;0;10;11;46;1;114;8;207684,91;Piracicaba;Março;;;2;1;423.323
353870;2018;4;01/04/2018;0;14;15;44;1;157;14;253447,95;Piracicaba;Abril;;;;1;423.323
353870;2018;5;01/05/2018;0;17;17;39;1;209;21;352615,04;Piracicaba;Maio;;;;1;423.323
353870;2018;6;01/06/2018;0;17;21;27;1;206;16;380795,54;Piracicaba;Junho;;;;1;423.323
353870;2018;7;01/07/2018;0;28;24;39;1;175;21;313134,31;Piracicaba;Julho;;;;1;423.323
353870;2018;8;01/08/2018;0;13;19;35;1;182;13;217563,25;Piracicaba;Agosto;;;;1;423.323
353870;2018;9;01/09/2018;0;16;16;53;1;158;13;274541,95;Piracicaba;Setembro;;;;1;423.323
353870;2018;10;01/10/2018;0;11;13;50;1;180;11;157907,21;Piracicaba;Outubro;23,3;72;2,4;1;423.323
353870;2018;11;01/11/2018;0;9;12;47;1;175;18;330262,4;Piracicaba;Novembro;23,8;72;2,5;1;423.323
353870;2018;12;01/12/2018;0;10;11;57;1;130;19;236295,44;Piracicaba;Dezembro;25,9;66;2,3;1;423.323
353870;2019;1;01/01/2019;0;10;10;60;1;141;25;173717,19;Piracicaba;Janeiro;26,8;70;2;1;423.323
353870;2019;2;01/02/2019;0;9;11;43;1;116;13;195053,59;Piracicaba;Fevereiro;24,8;75;2,1;1;423.323
353870;2019;3;01/03/2019;0;8;10;40;1;155;7;135561,7;Piracicaba;Março;24,6;78;2;1;423.323
353870;2019;4;01/04/2019;0;12;14;40;1;181;11;271129,09;Piracicaba;Abril;23,6;77;1,8;1;423.323
353870;2019;5;01/05/2019;0;13;16;33;1;182;10;256608,63;Piracicaba;Maio;21,4;78;1,8;1;423.323
353870;2019;6;01/06/2019;0;15;18;31;1;203;18;207925,28;Piracicaba;Junho;19,2;73;1,7;1;423.323
353870;2019;7;01/07/2019;0;16;19;36;1;133;19;133205,74;Piracicaba;Julho;17,5;70;1,9;1;423.323
353870;2019;8;01/08/2019;0;16;19;46;1;183;21;223804,37;Piracicaba;Agosto;19,9;63;2,4;1;423.323
353870;2019;9;01/09/2019;0;20;17;53;1;168;16;401365,08;Piracicaba;Setembro;23,1;63;2,5;1;423.323
353870;2019;10;01/10/2019;0;17;15;69;1;132;20;132419,09;Piracicaba;Outubro;25,7;58;2,6;1;423.323
353870;2019;11;01/11/2019;0;11;14;56;1;114;18;199845,49;Piracicaba;Novembro;24,5;70;2,5;1;423.323
353870;2019;12;01/12/2019;0;9;12;47;1;152;22;202325,38;Piracicaba;Dezembro;24,9;73;2,1;1;423.323
353870;2020;1;01/01/2020;0;8;11;38;1;128;17;203482,89;Piracicaba;Janeiro;25;74;2,2;1;423.323
353870;2020;2;01/02/2020;0;7;12;33;1;114;15;300438,72;Piracicaba;Fevereiro;23,8;80;2;1;423.323
353870;2020;3;01/03/2020;1;10;11;45;1;160;11;210447,13;Piracicaba;Março;24,1;69;2,2;1;423.323
353870;2020;4;01/04/2020;1;13;12;41;1;108;10;183170,88;Piracicaba;Abril;21,9;68;1,8;1;423.323
353870;2020;5;01/05/2020;1;15;16;31;1;82;17;189947,1;Piracicaba;Maio;18,1;68;1,9;1;423.323
353870;2020;6;01/06/2020;1;13;17;24;1;103;18;316993,06;Piracicaba;Junho;19,8;75;1,9;1;423.323
353870;2020;7;01/07/2020;1;17;21;32;1;91;11;145578,41;Piracicaba;Julho;19,4;67;1,9;1;423.323
353870;2020;8;01/08/2020;1;16;20;40;1;90;10;154618,32;Piracicaba;Agosto;19,6;63;2;1;423.323
353870;2020;9;01/09/2020;1;27;21;58;1;139;13;184467,72;Piracicaba;Setembro;24,6;55;2,2;1;423.323
353870;2020;10;01/10/2020;1;18;17;60;1;155;17;267794,94;Piracicaba;Outubro;25,2;59;2,5;1;423.323
353870;2020;11;01/11/2020;1;10;13;50;1;135;16;229581,52;Piracicaba;Novembro;24,2;66;2,3;1;423.323
353870;2020;12;01/12/2020;1;7;10;45;1;111;15;243736,49;Piracicaba;Dezembro;25;73;2,2;1;423.323
353870;2021;1;01/01/2021;1;8;9;41;1;114;12;314687,87;Piracicaba;Janeiro;25,8;74;2,1;1;423.323
353870;2021;2;01/02/2021;1;9;11;39;1;82;8;116506,9;Piracicaba;Fevereiro;25;71;2,1;1;423.323
353870;2021;3;01/03/2021;1;11;22;44;1;77;8;145980,35;Piracicaba;Março;25,2;71;1,8;1;423.323
353870;2021;4;01/04/2021;1;12;15;37;1;43;9;82304,75;Piracicaba;Abril;21,9;68;2,1;1;423.323
353870;2021;5;01/05/2021;1;16;25;29;1;75;5;108680,18;Piracicaba;Maio;19,5;69;1,7;1;423.323
353870;2021;6;01/06/2021;1;14;23;25;1;69;5;131713,11;Piracicaba;Junho;18,4;72;1,7;1;423.323
353870;2021;7;01/07/2021;1;19;25;34;1;92;10;180732,6;Piracicaba;Julho;16,9;58;1,8;1;423.323
353870;2021;8;01/08/2021;1;22;20;45;1;121;13;235491,36;Piracicaba;Agosto;20,8;56;2,3;1;423.323
353870;2021;9;01/09/2021;1;23;20;59;1;127;16;180781,58;Piracicaba;Setembro;24,7;54;2,4;1;423.323
353870;2021;10;01/10/2021;1;10;16;44;1;95;8;163560,64;Piracicaba;Outubro;22,6;69;2,6;1;423.323
353870;2021;11;01/11/2021;1;9;14;43;1;111;7;180834,39;Piracicaba;Novembro;24;63;2,4;1;423.323
353870;2021;12;01/12/2021;1;8;10;39;1;137;6;242930,47;Piracicaba;Dezembro;24,5;66;2,4;1;423.323
353870;2022;1;01/01/2022;1;7;9;35;1;132;13;321368,61;Piracicaba;Janeiro;24,7;76;2,1;1;423.323
353870;2022;2;01/02/2022;1;10;11;43;1;200;15;238365,72;Piracicaba;Fevereiro;25,7;69;2;1;423.323
353870;2022;3;01/03/2022;1;9;11;40;1;135;14;301626,78;Piracicaba;Março;25,7;72;2,1;1;423.323
353870;2022;4;01/04/2022;1;11;14;38;1;122;11;258171,69;Piracicaba;Abril;23,5;68;2;1;423.323
353870;2022;5;01/05/2022;1;13;17;27;1;188;15;393017,27;Piracicaba;Maio;18,9;69;2;1;423.323
353870;2022;6;01/06/2022;0;14;20;23;1;199;18;358558,44;Piracicaba;Junho;18,4;73;1,7;1;423.323
353870;2022;7;01/07/2022;0;18;21;31;1;194;18;320906,78;Piracicaba;Julho;20;61;1,9;1;423.323
353870;2022;8;01/08/2022;0;16;20;37;1;182;20;229255,77;Piracicaba;Agosto;20;60;2,2;1;423.323
353870;2022;9;01/09/2022;0;13;18;38;1;157;13;268937,43;Piracicaba;Setembro;20,1;68;2,6;1;423.323
353870;2022;10;01/10/2022;0;11;14;51;1;157;15;421974,56;Piracicaba;Outubro;23,6;68;2,3;1;423.323
353870;2022;11;01/11/2022;0;8;12;51;1;131;18;231468,77;Piracicaba;Novembro;22,9;61;2,7;1;423.323
353870;2022;12;01/12/2022;0;7;10;36;1;131;10;175557,15;Piracicaba;Dezembro;24,2;73;2,3;1;423.323
353870;2023;1;01/01/2023;0;6;9;33;1;117;16;226152,95;Piracicaba;Janeiro;24,2;78;2,1;1;423.323
353870;2023;2;01/02/2023;0;7;10;33;1;163;14;295925,33;Piracicaba;Fevereiro;24,6;80;2;1;423.323
353870;2023;3;01/03/2023;0;9;12;39;1;203;20;308771,01;Piracicaba;Março;25,1;75;1,8;1;423.323
353870;2023;4;01/04/2023;0;10;15;31;1;193;13;343828,83;Piracicaba;Abril;22,3;75;1,9;1;423.323
353870;2023;5;01/05/2023;0;14;20;27;1;128;14;301161,28;Piracicaba;Maio;19,4;74;1,6;1;423.323
353870;2023;6;01/06/2023;0;13;21;29;1;139;23;373179,7;Piracicaba;Junho;17,7;76;1,6;1;423.323
353870;2023;7;01/07/2023;0;15;19;35;1;126;15;352346,46;Piracicaba;Julho;18,6;71;1,7;1;423.323
353870;2023;8;01/08/2023;0;16;14;44;1;157;6;322654,37;Piracicaba;Agosto;21;65;2,1;1;423.323
353870;2023;9;01/09/2023;0;16;12;58;1;127;9;205581,95;Piracicaba;Setembro;25,1;60;2,2;1;423.323
353870;2023;10;01/10/2023;0;12;16;52;1;112;9;251213,97;Piracicaba;Outubro;24,6;74;2,3;1;423.323
353870;2023;11;01/11/2023;0;12;17;;1;111;12;206690,73;Piracicaba;Novembro;26;68;2,3;1;423.323
353870;2023;12;01/12/2023;0;10;14;54;1;109;9;213931,84;Piracicaba;Dezembro;27;65;2,3;1;423.323
353870;2024;1;01/01/2024;0;7;12;46;1;94;12;273154,88;Piracicaba;Janeiro;25,8;70;2,4;1;423.323
353870;2024;2;01/02/2024;0;9;15;43;1;83;10;227152,41;Piracicaba;Fevereiro;26;73;1,9;1;423.323
353870;2024;3;01/03/2024;0;9;15;41;1;100;11;226474,9;Piracicaba;Março;25,6;77;1,9;1;423.323
353870;2024;4;01/04/2024;0;14;20;46;1;150;15;309378,45;Piracicaba;Abril;24,8;72;1,7;1;423.323
353870;2024;5;01/05/2024;0;15;23;35;1;146;11;328066,22;Piracicaba;Maio;22,4;69;1,8;1;423.323
353870;2024;6;01/06/2024;0;19;26;34;1;131;14;333422,38;Piracicaba;Junho;20,4;66;1,8;1;423.323
353870;2024;7;01/07/2024;0;19;29;36;1;130;20;494625,46;Piracicaba;Julho;19;71;1,6;1;423.323
353870;2024;8;01/08/2024;0;22;28;48;1;114;14;306998,85;Piracicaba;Agosto;20,2;58;1,9;1;423.323
353870;2024;9;01/09/2024;0;33;27;73;1;102;12;287680,72;Piracicaba;Setembro;25,2;51;2,3;1;423.323
353870;2024;10;01/10/2024;0;14;19;60;1;80;11;260631,65;Piracicaba;Outubro;24,7;64;2,6;1;423.323
353870;2024;11;01/11/2024;0;8;17;44;1;110;12;334981,3;Piracicaba;Novembro;24,4;72;2,2;1;423.323
353870;2024;12;01/12/2024;0;7;12;44;1;95;12;256524,62;Piracicaba;Dezembro;25,2;74;2,2;1;423.323
353870;2025;1;01/01/2025;0;7;11;44;1;72;14;447048,34;Piracicaba;Janeiro;25,5;74;2,1;1;423.323
353870;2025;2;01/02/2025;0;8;13;45;1;95;12;236979,3;Piracicaba;Fevereiro;26,4;74;1,8;1;423.323
353870;2025;3;01/03/2025;0;10;16;47;1;98;8;244657,51;Piracicaba;Março;25,8;70;1,9;1;423.323
353870;2025;4;01/04/2025;0;9;17;37;1;117;12;380090,05;Piracicaba;Abril;23,2;76;1,9;1;423.323
353870;2025;5;01/05/2025;0;12;20;34;1;177;13;426817,72;Piracicaba;Maio;20,8;70;1,7;1;423.323
353870;2025;6;01/06/2025;0;11;21;25;1;181;14;514033,53;Piracicaba;Junho;18,4;76;1,8;1;423.323
353870;2025;7;01/07/2025;0;16;26;34;1;157;15;540524,9;Piracicaba;Julho;17,2;68;1,7;1;423.323
353870;2025;8;01/08/2025;0;17;24;45;1;142;8;424389,02;Piracicaba;Agosto;19,8;60;2,1;1;423.323
353870;2025;9;01/09/2025;0;17;;66;1;140;18;485003,62;Piracicaba;Setembro;23,3;55;2,5;1;423.323
353870;2025;10;01/10/2025;0;12;21;58;1;95;8;211175,84;Piracicaba;Outubro;23;63;2,5;1;423.323
353870;2025;11;01/11/2025;0;9;19;61;1;123;16;279785,21;Piracicaba;Novembro;23,8;65;2,3;1;423.323
353870;2025;12;01/12/2025;0;8;16;50;1;124;6;264392,63;Piracicaba;Dezembro;25;70;2,4;1;423.323
354340;2017;1;01/01/2017;0;6;;;1;293;40;548438,4;Ribeirao Preto;Janeiro;13,5;69;1,6;1;698.642
354340;2017;2;01/02/2017;0;7;8;;1;270;27;374187,96;Ribeirao Preto;Fevereiro;20,7;57;1,8;1;698.642
354340;2017;3;01/03/2017;0;8;9;76;1;308;29;375786,42;Ribeirao Preto;Março;26;66;1,8;1;698.642
354340;2017;4;01/04/2017;0;9;11;34;1;294;27;479982,97;Ribeirao Preto;Abril;24,9;67;1,7;1;698.642
354340;2017;5;01/05/2017;0;12;11;;1;361;34;458285,99;Ribeirao Preto;Maio;22,5;74;1,4;1;698.642
354340;2017;6;01/06/2017;0;14;12;;1;384;32;576972,7;Ribeirao Preto;Junho;20,2;68;1,5;1;698.642
354340;2017;7;01/07/2017;0;17;13;;1;350;52;468246,66;Ribeirao Preto;Julho;19;59;1,7;1;698.642
354340;2017;8;01/08/2017;0;23;16;58;1;370;39;537851,21;Ribeirao Preto;Agosto;21,8;57;1,7;1;698.642
354340;2017;9;01/09/2017;0;29;15;73;1;347;46;524707,58;Ribeirao Preto;Setembro;25,1;41;1,8;1;698.642
354340;2017;10;01/10/2017;0;15;12;79;1;367;52;544473,18;Ribeirao Preto;Outubro;26,6;55;1,9;1;698.642
354340;2017;11;01/11/2017;0;8;9;70;1;280;25;471368,94;Ribeirao Preto;Novembro;25,4;66;1,9;1;698.642
354340;2017;12;01/12/2017;0;8;8;;1;258;16;469736,55;Ribeirao Preto;Dezembro;26;69;1,7;1;698.642
354340;2018;1;01/01/2018;0;7;;68;1;251;37;344087,51;Ribeirao Preto;Janeiro;25,7;72;1,7;1;698.642
354340;2018;2;01/02/2018;0;9;;53;1;265;25;388587,22;Ribeirao Preto;Fevereiro;25,7;70;1,7;1;698.642
354340;2018;3;01/03/2018;0;10;9;47;1;314;29;444409,26;Ribeirao Preto;Março;26,7;70;1,6;1;698.642
354340;2018;4;01/04/2018;0;12;9;53;1;302;28;379602,23;Ribeirao Preto;Abril;23,9;64;1,5;1;698.642
354340;2018;5;01/05/2018;0;16;11;49;1;348;47;447857,51;Ribeirao Preto;Maio;21,1;63;1,4;1;698.642
354340;2018;6;01/06/2018;0;19;12;45;1;396;47;527915,79;Ribeirao Preto;Junho;21,5;63;1,4;1;698.642
354340;2018;7;01/07/2018;0;23;14;48;1;362;40;531106,33;Ribeirao Preto;Julho;20,2;56;1,4;1;698.642
354340;2018;8;01/08/2018;0;16;11;54;1;368;39;522529,21;Ribeirao Preto;Agosto;21,7;58;1,7;1;698.642
354340;2018;9;01/09/2018;0;21;11;63;1;322;37;432030,44;Ribeirao Preto;Setembro;24,1;57;1,7;1;698.642
354340;2018;10;01/10/2018;0;12;8;68;1;318;25;581945,54;Ribeirao Preto;Outubro;25,8;67;1,7;1;698.642
354340;2018;11;01/11/2018;0;8;8;54;1;296;30;398925,56;Ribeirao Preto;Novembro;24,9;72;1,8;1;698.642
354340;2018;12;01/12/2018;0;10;7;62;1;341;38;581044,9;Ribeirao Preto;Dezembro;26,8;64;1,8;1;698.642
354340;2019;1;01/01/2019;0;9;6;64;1;288;37;474501,74;Ribeirao Preto;Janeiro;27,6;63;1,7;1;698.642
354340;2019;2;01/02/2019;0;8;6;55;1;272;23;413791,84;Ribeirao Preto;Fevereiro;25,9;71;1,6;1;698.642
354340;2019;3;01/03/2019;0;9;6;49;1;337;35;535588,99;Ribeirao Preto;Março;25,6;72;1,5;1;698.642
354340;2019;4;01/04/2019;0;13;10;47;1;335;28;497139,17;Ribeirao Preto;Abril;24,9;70;1,4;1;698.642
354340;2019;5;01/05/2019;0;16;10;42;1;302;25;450180,16;Ribeirao Preto;Maio;22,6;70;1,4;1;698.642
354340;2019;6;01/06/2019;0;16;11;37;1;374;43;549582,24;Ribeirao Preto;Junho;20,4;64;1,4;1;698.642
354340;2019;7;01/07/2019;0;17;12;40;1;368;39;585006,71;Ribeirao Preto;Julho;19,2;59;1,5;1;698.642
354340;2019;8;01/08/2019;0;18;11;45;1;320;45;566473,25;Ribeirao Preto;Agosto;22;56;1,7;1;698.642
354340;2019;9;01/09/2019;0;28;12;56;1;321;36;479113,1;Ribeirao Preto;Setembro;25,9;54;1,8;1;698.642
354340;2019;10;01/10/2019;0;16;9;70;1;289;25;441252,53;Ribeirao Preto;Outubro;27,3;54;1,9;1;698.642
354340;2019;11;01/11/2019;0;10;7;66;1;237;23;363622,39;Ribeirao Preto;Novembro;26,5;65;1,9;1;698.642
354340;2019;12;01/12/2019;0;8;7;49;1;240;34;436111,24;Ribeirao Preto;Dezembro;26,2;70;1,6;1;698.642
354340;2020;1;01/01/2020;0;7;6;45;1;247;27;390117,54;Ribeirao Preto;Janeiro;26,3;72;1,7;1;698.642
354340;2020;2;01/02/2020;0;6;6;40;1;290;24;397711,83;Ribeirao Preto;Fevereiro;25,4;75;1,6;1;698.642
354340;2020;3;01/03/2020;1;6;5;47;1;262;22;411519,61;Ribeirao Preto;Março;24,7;68;2;1;698.642
354340;2020;9;01/09/2020;1;42;;67;1;156;20;487369,24;Ribeirao Preto;Setembro;26,5;42;;1;698.642
354340;2020;10;01/10/2020;1;22;10;77;1;164;37;376203,38;Ribeirao Preto;Outubro;27,2;53;;1;698.642
354340;2020;11;01/11/2020;1;11;7;70;1;213;29;428185,14;Ribeirao Preto;Novembro;26,3;54;;1;698.642
354340;2020;12;01/12/2020;1;8;6;63;1;131;12;330017,84;Ribeirao Preto;Dezembro;25,8;72;0;1;698.642
354340;2021;1;01/01/2021;1;8;6;51;1;163;28;321779,67;Ribeirao Preto;Janeiro;26,5;70;;1;698.642
354340;2021;2;01/02/2021;1;8;6;50;1;148;19;287264,52;Ribeirao Preto;Fevereiro;25,6;69;;1;698.642
354340;2021;3;01/03/2021;1;10;;44;1;146;34;410759,74;Ribeirao Preto;Março;25,3;71;;1;698.642
354340;2021;4;01/04/2021;1;14;;49;1;170;27;442231,53;Ribeirao Preto;Abril;23,8;62;;1;698.642
354340;2021;6;01/06/2021;1;20;;41;1;123;20;422817,18;Ribeirao Preto;Junho;19,3;64;;1;698.642
354340;2021;7;01/07/2021;1;27;;43;1;124;19;271713,66;Ribeirao Preto;Julho;17,7;53;;1;698.642
354340;2021;8;01/08/2021;1;39;;55;1;141;23;417305,85;Ribeirao Preto;Agosto;23;46;;1;698.642
354340;2021;9;01/09/2021;1;54;14;73;1;177;30;410980,05;Ribeirao Preto;Setembro;27,3;43;;1;698.642
354340;2021;10;01/10/2021;1;13;10;70;1;142;15;248774,1;Ribeirao Preto;Outubro;24,9;66;;1;698.642
354340;2021;11;01/11/2021;1;11;9;65;1;174;18;332828,54;Ribeirao Preto;Novembro;26,2;58;;1;698.642
354340;2021;12;01/12/2021;1;8;8;55;1;191;27;347755,82;Ribeirao Preto;Dezembro;25,7;65;;1;698.642
354340;2022;1;01/01/2022;1;7;7;50;1;246;33;500457,5;Ribeirao Preto;Janeiro;25,8;72;;1;698.642
354340;2022;2;01/02/2022;1;8;8;48;1;183;15;498927,05;Ribeirao Preto;Fevereiro;25,8;72;;1;698.642
354340;2022;3;01/03/2022;1;8;8;51;1;219;24;502509,4;Ribeirao Preto;Março;26,7;66;;1;698.642
354340;2022;4;01/04/2022;1;12;10;48;1;284;17;490165,74;Ribeirao Preto;Abril;24,8;64;;1;698.642
354340;2022;5;01/05/2022;1;14;11;39;1;281;24;480843,39;Ribeirao Preto;Maio;19,7;66;;1;698.642
354340;2022;6;01/06/2022;0;17;13;38;1;271;22;430404,11;Ribeirao Preto;Junho;20,1;65;;1;698.642
354340;2022;7;01/07/2022;0;20;14;38;1;273;33;519156,72;Ribeirao Preto;Julho;20,8;57;;1;698.642
354340;2022;8;01/08/2022;0;22;13;42;1;216;24;497666,74;Ribeirao Preto;Agosto;21,7;52;;1;698.642
354340;2022;9;01/09/2022;0;23;12;54;1;260;28;565532,38;Ribeirao Preto;Setembro;23,7;56;;1;698.642
354340;2022;10;01/10/2022;0;14;10;64;1;270;37;526547,25;Ribeirao Preto;Outubro;25,9;60;;1;698.642
354340;2022;11;01/11/2022;0;9;8;59;1;197;25;389241,22;Ribeirao Preto;Novembro;24,4;59;;1;698.642
354340;2022;12;01/12/2022;0;7;7;44;1;192;26;396880,1;Ribeirao Preto;Dezembro;25,4;71;;1;698.642
354340;2023;1;01/01/2023;0;6;7;39;1;219;32;545278,28;Ribeirao Preto;Janeiro;24,8;77;;1;698.642
354340;2023;2;01/02/2023;0;7;7;46;1;257;34;513651,1;Ribeirao Preto;Fevereiro;25,8;75;;1;698.642
354340;2023;3;01/03/2023;0;10;9;42;1;313;35;528196,36;Ribeirao Preto;Março;25,8;75;;1;698.642
354340;2023;4;01/04/2023;0;11;9;36;1;230;36;490907,16;Ribeirao Preto;Abril;23,5;67;;1;698.642
354340;2023;5;01/05/2023;0;17;13;34;1;315;35;669554,31;Ribeirao Preto;Maio;20,6;63;;1;698.642
354340;2023;6;01/06/2023;0;16;13;28;1;297;41;518494,95;Ribeirao Preto;Junho;18,5;56;;1;698.642
354340;2023;7;01/07/2023;0;16;13;25;1;314;41;542656,82;Ribeirao Preto;Julho;20,5;59;;1;698.642
354340;2023;8;01/08/2023;0;20;14;30;1;279;45;593230,68;Ribeirao Preto;Agosto;22,9;54;;1;698.642
354340;2023;9;01/09/2023;0;17;12;42;1;265;44;520159,45;Ribeirao Preto;Setembro;27,4;;;1;698.642
354340;2023;10;01/10/2023;0;14;11;42;1;263;32;497012,5;Ribeirao Preto;Outubro;27,3;;;1;698.642
354340;2023;11;01/11/2023;0;13;23;45;1;252;55;529893,51;Ribeirao Preto;Novembro;28,1;;;1;698.642
354340;2023;12;01/12/2023;0;10;21;32;1;272;54;689920,43;Ribeirao Preto;Dezembro;28,4;;;1;698.642
354340;2024;1;01/01/2024;0;7;17;28;1;285;46;647456,05;Ribeirao Preto;Janeiro;26,7;;;1;698.642
354340;2024;2;01/02/2024;0;7;16;21;1;246;39;479079,67;Ribeirao Preto;Fevereiro;26,4;;;1;698.642
354340;2024;3;01/03/2024;0;8;14;41;1;304;52;661381,5;Ribeirao Preto;Março;26,8;;;1;698.642
354340;2024;4;01/04/2024;0;13;19;39;1;249;38;393817,1;Ribeirao Preto;Abril;26;66;;1;698.642
354340;2024;5;01/05/2024;0;18;24;32;1;312;43;709687,48;Ribeirao Preto;Maio;23,1;65;;1;698.642
354340;2024;6;01/06/2024;0;20;28;31;1;378;57;811799,15;Ribeirao Preto;Junho;21,4;59;;1;698.642
354340;2024;7;01/07/2024;0;24;30;39;1;352;40;703717,69;Ribeirao Preto;Julho;21,3;56;;1;698.642
354340;2024;8;01/08/2024;0;41;31;44;1;374;64;817708,41;Ribeirao Preto;Agosto;22;49;;1;698.642
354340;2024;9;01/09/2024;0;57;31;63;1;329;55;661120,56;Ribeirao Preto;Setembro;27,3;41;;1;698.642
354340;2024;10;01/10/2024;0;24;18;71;1;353;42;668304,59;Ribeirao Preto;Outubro;27,2;58;;1;698.642
354340;2024;11;01/11/2024;0;9;17;51;1;285;32;591805,61;Ribeirao Preto;Novembro;25,8;68;;1;698.642
354340;2024;12;01/12/2024;0;8;13;48;1;285;44;641620,3;Ribeirao Preto;Dezembro;25,9;73;;1;698.642
354340;2025;1;01/01/2025;0;8;11;50;1;295;38;667334,83;Ribeirao Preto;Janeiro;26,5;69;;1;698.642
354340;2025;2;01/02/2025;0;9;14;48;1;287;34;723901,67;Ribeirao Preto;Fevereiro;26,7;68;;1;698.642
354340;2025;3;01/03/2025;0;10;15;48;1;307;44;718792,94;Ribeirao Preto;Março;26,9;63;;1;698.642
354340;2025;4;01/04/2025;0;8;15;40;1;274;24;495037,95;Ribeirao Preto;Abril;24,6;70;;1;698.642
354340;2025;5;01/05/2025;0;12;19;35;1;395;39;726177,73;Ribeirao Preto;Maio;21,4;67;;1;698.642
354340;2025;6;01/06/2025;0;14;22;31;1;338;43;777243,21;Ribeirao Preto;Junho;20,4;74;;1;698.642
354340;2025;7;01/07/2025;0;17;27;38;1;417;42;754332,09;Ribeirao Preto;Julho;;;;1;698.642
354340;2025;8;01/08/2025;0;19;26;44;1;350;44;803582,62;Ribeirao Preto;Agosto;24,6;47;;1;698.642
354340;2025;9;01/09/2025;0;22;21;57;1;341;34;709784,43;Ribeirao Preto;Setembro;25,5;46;;1;698.642
354340;2025;10;01/10/2025;0;15;16;58;1;352;43;927258,19;Ribeirao Preto;Outubro;25,4;53;;1;698.642
354340;2025;11;01/11/2025;0;10;15;61;1;317;21;710795,31;Ribeirao Preto;Novembro;25,5;59;;1;698.642
354340;2025;12;01/12/2025;0;8;13;47;1;267;21;569927,65;Ribeirao Preto;Dezembro;26,6;67;;1;698.642
354850;2017;1;01/01/2017;0;13;22;20,5;2;96;16;256716,18;Santos;Janeiro;27,35;78,5;1,2;2;418.608
354850;2017;2;01/02/2017;0;18;22,5;24;2;92;8;163911,08;Santos;Fevereiro;27,75;78;1,3;2;418.608
354850;2017;3;01/03/2017;0;12;21;16,5;2;151;19;334402,87;Santos;Março;26,05;83;1,2;2;418.608
354850;2017;4;01/04/2017;0;12;23,5;16;2;183;13;253641,13;Santos;Abril;23,5;81;1,1;2;418.608
354850;2017;5;01/05/2017;0;14;24,5;16,5;2;194;18;321161,45;Santos;Maio;22,4;83,5;1;2;418.608
354850;2017;6;01/06/2017;0;20;36;18;2;142;15;291438,01;Santos;Junho;21,1;79,5;0,75;2;418.608
354850;2017;7;01/07/2017;0;21;39,5;23,5;2;135;17;282493,35;Santos;Julho;19,95;79,5;0,8;2;418.608
354850;2017;8;01/08/2017;0;18;38,5;27;2;149;13;259453,16;Santos;Agosto;20,4;80,5;0,85;2;418.608
354850;2017;9;01/09/2017;0;23;32;42,5;2;171;14;265263,62;Santos;Setembro;22,5;81;1;2;418.608
354850;2017;10;01/10/2017;0;13;27;41;2;150;15;231442,67;Santos;Outubro;24,05;78,5;1,1;2;418.608
354850;2017;11;01/11/2017;0;11;26;34,5;2;180;14;325734,15;Santos;Novembro;23,6;77;1,05;2;418.608
354850;2017;12;01/12/2017;0;12;21,5;26,5;2;159;12;197032,29;Santos;Dezembro;24,95;82;1,05;2;418.608
354850;2018;1;01/01/2018;0;12;23,5;29,5;2;116;9;268695,82;Santos;Janeiro;27;78;1,05;2;418.608
354850;2018;2;01/02/2018;0;11;22,5;19,5;2;96;12;235781,52;Santos;Fevereiro;25,7;81;0,95;2;418.608
354850;2018;3;01/03/2018;0;14;26,5;23,5;2;157;15;310971,92;Santos;Março;27;83;0,95;2;418.608
354850;2018;4;01/04/2018;0;16;33;22,5;2;154;10;218516,08;Santos;Abril;24,85;82;0,85;2;418.608
354850;2018;5;01/05/2018;0;16;32,5;21,5;2;184;23;301434,58;Santos;Maio;22,75;81,5;0,8;2;418.608
354850;2018;6;01/06/2018;0;18;33;20,5;2;160;20;234377,98;Santos;Junho;20,9;87;0,7;2;418.608
354850;2018;7;01/07/2018;0;20;35;27;2;138;25;251686,63;Santos;Julho;20,25;87,5;0,85;2;418.608
354850;2018;8;01/08/2018;0;14;33,5;23;2;153;13;252160,87;Santos;Agosto;19;88,5;0,85;2;418.608
354850;2018;9;01/09/2018;0;13;28;31;2;116;13;194466,58;Santos;Setembro;22,1;86;1,05;2;418.608
354850;2018;10;01/10/2018;0;11;27,5;24,5;2;178;16;226460,89;Santos;Outubro;22,75;86,5;1;2;418.608
354850;2018;11;01/11/2018;0;10;23;31,5;2;138;19;204691,96;Santos;Novembro;23,9;86,5;1,15;2;418.608
354850;2018;12;01/12/2018;0;14;22,5;31,5;2;150;21;224108,88;Santos;Dezembro;26,8;81;1,2;2;418.608
354850;2019;1;01/01/2019;0;14;25;36;2;113;15;202493,47;Santos;Janeiro;29,65;79,5;1,2;2;418.608
354850;2019;2;01/02/2019;0;12;24;26,5;2;75;15;234398,64;Santos;Fevereiro;26,9;82,5;1,1;2;418.608
354850;2019;3;01/03/2019;0;12;25;22;2;113;17;193001,65;Santos;Março;26,4;85;1;2;418.608
354850;2019;4;01/04/2019;0;14;29;22;2;153;22;256403,08;Santos;Abril;25,45;86,5;0,85;2;418.608
354850;2019;5;01/05/2019;0;15;33;19;2;123;15;184655,72;Santos;Maio;23,65;90;0,8;2;418.608
354850;2019;6;01/06/2019;0;24;42;18;2;107;15;219367,95;Santos;Junho;22,5;87;0,65;2;418.608
354850;2019;7;01/07/2019;0;18;37;24;2;89;7;180553,18;Santos;Julho;20,4;84,5;0,8;2;418.608
354850;2019;8;01/08/2019;0;15;33;26;2;108;11;221988,73;Santos;Agosto;20,45;87,5;0,85;2;418.608
354850;2019;9;01/09/2019;0;13;26;29,5;2;80;15;218087,82;Santos;Setembro;21,05;94;1;2;418.608
354850;2019;10;01/10/2019;0;13;24;33;2;104;18;236324,86;Santos;Outubro;24,2;89;1,05;2;418.608
354850;2019;11;01/11/2019;0;11;18;27;2;103;19;214419,97;Santos;Novembro;24,05;87,5;1,1;2;418.608
354850;2019;12;01/12/2019;0;12;23;30;2;86;15;137514,14;Santos;Dezembro;25,55;86;1,05;2;418.608
354850;2020;1;01/01/2020;0;11;23;28;2;67;12;164726,59;Santos;Janeiro;26,9;83,5;1,05;2;418.608
354850;2020;2;01/02/2020;0;11;24;21,5;2;61;5;130286,25;Santos;Fevereiro;25,55;91;0,95;2;418.608
354850;2020;3;01/03/2020;1;11;22;22,5;2;73;14;162579,92;Santos;Março;25,25;86,5;0,95;2;418.608
354850;2020;4;01/04/2020;1;12;28;23,5;2;102;17;205124,69;Santos;Abril;23,8;82;0,85;2;418.608
354850;2020;5;01/05/2020;1;14;33;26,5;2;100;25;237809,19;Santos;Maio;22,55;78;0,85;2;418.608
354850;2020;6;01/06/2020;1;15;38;23;1;66;18;171732,13;Santos;Junho;22,7;84;0,8;2;418.608
354850;2020;7;01/07/2020;1;16;34;32,5;2;59;6;98222,52;Santos;Julho;21,35;86,5;0,8;2;418.608
354850;2020;8;01/08/2020;1;14;33;31,5;2;42;6;158652,79;Santos;Agosto;20,35;90;0,8;2;418.608
354850;2020;9;01/09/2020;1;13;23;41,5;2;46;8;117990,21;Santos;Setembro;22,5;96;1;2;418.608
354850;2020;10;01/10/2020;1;11;24;39;2;43;6;142253,96;Santos;Outubro;23,95;92;1,05;2;418.608
354850;2020;11;01/11/2020;1;10;23;30;2;55;12;141609,39;Santos;Novembro;24,05;90;1,05;2;418.608
354850;2020;12;01/12/2020;1;10;19;33;2;35;6;55436,23;Santos;Dezembro;26,6;87;1,05;2;418.608
354850;2021;1;01/01/2021;1;12;19;32;2;30;4;53744,64;Santos;Janeiro;27,8;86;1;2;418.608
354850;2021;2;01/02/2021;1;11;25;24,5;2;46;5;137521,77;Santos;Fevereiro;26,75;86,5;0,95;2;418.608
354850;2021;3;01/03/2021;1;11;23;24,5;2;63;5;185723,7;Santos;Março;26,95;88;0,9;2;418.608
354850;2021;4;01/04/2021;1;9;24;18;1;55;10;207436,71;Santos;Abril;24;90;1;2;418.608
354850;2021;5;01/05/2021;1;14;31;20;1;46;11;157278,46;Santos;Maio;21,9;91;0,8;2;418.608
354850;2021;6;01/06/2021;1;12;27;19;1;56;6;218892,94;Santos;Junho;20,8;95;0,7;2;418.608
354850;2021;7;01/07/2021;1;18;36;24;1;71;8;190334,71;Santos;Julho;19,1;91;0,8;2;418.608
354850;2021;8;01/08/2021;1;14;29;29;1;58;8;162475,47;Santos;Agosto;19,7;94;0,9;2;418.608
354850;2021;9;01/09/2021;1;13;26;30;1;83;7;221387,07;Santos;Setembro;;;1;2;418.608
354850;2021;10;01/10/2021;1;8;20;29;1;72;14;154054,79;Santos;Outubro;22,2;98;1;2;418.608
354850;2021;11;01/11/2021;1;9;20;30,5;2;67;15;186594,61;Santos;Novembro;23,4;88;1,05;2;418.608
354850;2021;12;01/12/2021;1;9;22;25;2;121;18;306403,03;Santos;Dezembro;24,6;91;1;2;418.608
354850;2022;1;01/01/2022;1;11;25;24,5;2;146;21;442330,7;Santos;Janeiro;26,2;93;0,8;2;418.608
354850;2022;2;01/02/2022;1;11;26;22;2;91;15;203971,6;Santos;Fevereiro;26,8;87;0,9;2;418.608
354850;2022;3;01/03/2022;1;11;27;25,5;2;99;17;482270,86;Santos;Março;26,7;91;0,85;2;418.608
354850;2022;4;01/04/2022;1;10;26;22,5;2;115;21;399791,18;Santos;Abril;23,9;93;0,8;2;418.608
354850;2022;5;01/05/2022;1;14;34;22;2;145;12;303229,09;Santos;Maio;21,4;87;0,75;2;418.608
354850;2022;6;01/06/2022;0;12;34;19;2;120;15;313635,79;Santos;Junho;19,5;93;0,55;2;418.608
354850;2022;7;01/07/2022;0;17;41;27;2;141;17;500529,02;Santos;Julho;21,2;88;0,65;2;418.608
354850;2022;8;01/08/2022;0;11;38;29;2;148;24;573957,18;Santos;Agosto;20,25;88;0,8;2;418.608
354850;2022;9;01/09/2022;0;12;35;27,5;2;149;32;512764,51;Santos;Setembro;19,8;92;0,8;2;418.608
354850;2022;10;01/10/2022;0;9;27;33,5;2;135;20;443832,96;Santos;Outubro;23,15;92;0,85;2;418.608
354850;2022;11;01/11/2022;0;8;24;31;2;120;20;435830,54;Santos;Novembro;23,1;85;0,95;2;418.608
354850;2022;12;01/12/2022;0;10;23;27,5;2;108;20;453668,13;Santos;Dezembro;25,05;89;0,85;2;418.608
354850;2023;1;01/01/2023;0;10;25;29,5;2;123;21;434540,1;Santos;Janeiro;26,35;87;0,85;2;418.608
354850;2023;2;01/02/2023;0;10;31;32,5;2;74;10;307610,23;Santos;Fevereiro;27,15;86;0,8;2;418.608
354850;2023;3;01/03/2023;0;11;30;27;2;125;11;391741,79;Santos;Março;26,7;87;0,75;2;418.608
354850;2023;4;01/04/2023;0;10;29;25;2;102;13;359590,76;Santos;Abril;24,1;87;0,75;2;418.608
354850;2023;5;01/05/2023;0;13;36;23,5;2;121;21;379220,2;Santos;Maio;22,4;89;0,55;2;418.608
354850;2023;6;01/06/2023;0;17;45;23;2;133;16;510496,06;Santos;Junho;21,6;85;0,55;2;418.608
354850;2023;7;01/07/2023;0;14;38;24,5;2;173;20;390812,76;Santos;Julho;20,8;87;0,6;2;418.608
354850;2023;8;01/08/2023;0;14;39;30;2;145;25;451149,91;Santos;Agosto;21,7;88;0,75;2;418.608
354850;2023;9;01/09/2023;0;13;33;33,5;2;120;18;388551,8;Santos;Setembro;23,55;89;0,8;2;418.608
354850;2023;10;01/10/2023;0;8;27;29,5;2;126;18;504174,3;Santos;Outubro;22,4;96;0,75;2;418.608
354850;2023;11;01/11/2023;0;13;26;37,5;2;101;17;350462,27;Santos;Novembro;25,6;86;0,85;2;418.608
354850;2023;12;01/12/2023;0;15;25;32,5;2;120;18;326492,47;Santos;Dezembro;26,9;85;0,85;2;418.608
354850;2024;1;01/01/2024;0;12;21;32;2;127;21;412253,11;Santos;Janeiro;26,55;88;0,85;2;418.608
354850;2024;2;01/02/2024;0;11;27;27,5;2;93;15;238154,79;Santos;Fevereiro;27,2;89;0,7;2;418.608
354850;2024;3;01/03/2024;0;11;26;25,5;2;124;21;341591,98;Santos;Março;26,45;85,5;0,65;2;418.608
354850;2024;4;01/04/2024;0;13;30;28,5;2;152;14;356981,17;Santos;Abril;25,05;81;0,65;2;418.608
354850;2024;5;01/05/2024;0;13;33;29;2;139;11;374139,92;Santos;Maio;23,9;78,5;0,6;2;418.608
354850;2024;6;01/06/2024;0;18;43;26,5;2;149;21;491723,27;Santos;Junho;22,5;76,5;0,5;2;418.608
354850;2024;7;01/07/2024;0;14;31;26;2;141;18;411521,24;Santos;Julho;18,5;87;0,5;2;418.608
354850;2024;8;01/08/2024;0;18;34;32,5;2;134;18;434531,58;Santos;Agosto;18,9;81;0,65;2;418.608
354850;2024;9;01/09/2024;0;16;28;43,5;2;140;17;456218,6;Santos;Setembro;21,85;81,5;0,7;2;418.608
354850;2024;10;01/10/2024;0;12;24;33,5;2;135;18;353657,8;Santos;Outubro;22,95;81;0,8;2;418.608
354850;2024;11;01/11/2024;0;9;23;30,5;2;120;18;361732,27;Santos;Novembro;23,8;80,5;0,75;2;418.608
354850;2024;12;01/12/2024;0;9;20;29,5;2;149;28;344157,96;Santos;Dezembro;25,25;79,5;0,8;2;418.608
354850;2025;1;01/01/2025;0;10;23;27,5;2;101;15;273752,12;Santos;Janeiro;26,6;76,5;0,7;2;418.608
354850;2025;2;01/02/2025;0;11;29;33,5;2;107;21;343672,79;Santos;Fevereiro;28,65;74,5;0,7;2;418.608
354850;2025;3;01/03/2025;0;10;23;25,5;2;162;14;461531,72;Santos;Março;26,15;78,5;0,65;2;418.608
354850;2025;4;01/04/2025;0;10;26;25;2;148;14;329540,7;Santos;Abril;23,9;81;0,5;2;418.608
354850;2025;5;01/05/2025;0;13;33;21;2;165;19;484891,21;Santos;Maio;22,45;77;0,5;2;418.608
354850;2025;6;01/06/2025;0;13;32;21;2;146;16;601325,39;Santos;Junho;20,2;79,5;0,4;2;418.608
354850;2025;7;01/07/2025;0;14;34;24;2;141;16;431150,52;Santos;Julho;18,65;80;0,45;2;418.608
354850;2025;8;01/08/2025;0;12;27;29,5;2;109;11;386555,83;Santos;Agosto;19,4;80,5;0,5;2;418.608
354850;2025;9;01/09/2025;0;10;22;34;2;152;22;403749,44;Santos;Setembro;21,45;77,5;1;2;418.608
354850;2025;10;01/10/2025;0;9;22;33;2;114;15;320748,21;Santos;Outubro;21,8;78;1;2;418.608
354850;2025;11;01/11/2025;0;9;22;31;2;112;15;249813,22;Santos;Novembro;22,9;76,5;0,75;2;418.608
354850;2025;12;01/12/2025;0;11;22;37;2;97;13;231407,01;Santos;Dezembro;26,65;73;0,95;2;418.608
354870;2017;1;01/01/2017;0;12;23;48;1;182;11;306483,51;Sao Bernardo do Campo;Janeiro;22,7;81;1,8;1;810.729
354870;2017;2;01/02/2017;0;16;24;55;1;122;6;204327,19;Sao Bernardo do Campo;Fevereiro;24;74;1,8;1;810.729
354870;2017;3;01/03/2017;0;12;17;41;1;236;15;403276,6;Sao Bernardo do Campo;Março;21,8;81;2;1;810.729
354870;2017;4;01/04/2017;0;12;20;38;1;205;11;346900,5;Sao Bernardo do Campo;Abril;19,7;84;1,9;1;810.729
354870;2017;5;01/05/2017;0;16;28;31;1;297;17;505853,61;Sao Bernardo do Campo;Maio;18,6;85;1,6;1;810.729
354870;2017;6;01/06/2017;0;17;40;34;1;362;13;486801,17;Sao Bernardo do Campo;Junho;17,5;80;1,6;1;810.729
354870;2017;7;01/07/2017;0;18;33;53;1;367;22;570772,31;Sao Bernardo do Campo;Julho;16,2;76;1,6;1;810.729
354870;2017;8;01/08/2017;0;19;38;52;1;283;18;464597,28;Sao Bernardo do Campo;Agosto;16,9;83;1,7;1;810.729
354870;2017;9;01/09/2017;0;28;34;68;1;257;22;408571,02;Sao Bernardo do Campo;Setembro;19,7;75;1,8;1;810.729
354870;2017;10;01/10/2017;0;17;29;57;1;195;14;243774,87;Sao Bernardo do Campo;Outubro;20,7;78;1,9;1;810.729
354870;2017;11;01/11/2017;0;12;22;49;1;223;15;331644,13;Sao Bernardo do Campo;Novembro;19,9;81;2;1;810.729
354870;2017;12;01/12/2017;0;15;20;46;1;243;17;339624,66;Sao Bernardo do Campo;Dezembro;21,8;84;2;1;810.729
354870;2018;1;01/01/2018;0;12;21;50;1;200;19;307215,85;Sao Bernardo do Campo;Janeiro;23,7;78;1,9;1;810.729
354870;2018;2;01/02/2018;0;10;17;38;1;159;11;217375,28;Sao Bernardo do Campo;Fevereiro;;;1,9;1;810.729
354870;2018;3;01/03/2018;0;16;21;46;1;271;16;385192,92;Sao Bernardo do Campo;Março;;84;1,7;1;810.729
354870;2018;4;01/04/2018;0;16;23;44;1;258;15;339201,22;Sao Bernardo do Campo;Abril;20,5;81;1,7;1;810.729
354870;2018;5;01/05/2018;0;18;27;40;1;252;17;412609,6;Sao Bernardo do Campo;Maio;18,7;80;1,7;1;810.729
354870;2018;6;01/06/2018;0;22;40;26;1;287;18;342875,09;Sao Bernardo do Campo;Junho;17,1;57;1,5;1;810.729
354870;2018;7;01/07/2018;0;28;45;37;1;263;23;389780,2;Sao Bernardo do Campo;Julho;;;1,5;1;810.729
354870;2018;8;01/08/2018;0;14;33;37;1;268;17;447032,13;Sao Bernardo do Campo;Agosto;;;1,8;1;810.729
354870;2018;9;01/09/2018;0;15;27;45;1;212;13;447016,14;Sao Bernardo do Campo;Setembro;;;1,9;1;810.729
354870;2018;10;01/10/2018;0;12;23;40;1;234;9;297650,19;Sao Bernardo do Campo;Outubro;;;1,9;1;810.729
354870;2018;11;01/11/2018;0;13;18;41;1;209;13;258843,4;Sao Bernardo do Campo;Novembro;;;2,1;1;810.729
354870;2018;12;01/12/2018;0;16;24;59;1;183;9;268468,33;Sao Bernardo do Campo;Dezembro;;;2;1;810.729
354870;2019;1;01/01/2019;0;20;27;63;1;176;9;304087,75;Sao Bernardo do Campo;Janeiro;;;1,7;1;810.729
354870;2019;2;01/02/2019;0;13;24;44;1;161;14;229475,64;Sao Bernardo do Campo;Fevereiro;;;1,9;1;810.729
354870;2019;3;01/03/2019;0;12;22;41;1;180;6;197298,44;Sao Bernardo do Campo;Março;;;1,8;1;810.729
354870;2019;4;01/04/2019;0;17;24;46;1;254;8;357462,46;Sao Bernardo do Campo;Abril;;;1,6;1;810.729
354870;2019;5;01/05/2019;0;17;33;38;1;325;14;374486,45;Sao Bernardo do Campo;Maio;;;1,6;1;810.729
354870;2019;6;01/06/2019;0;18;38;31;1;240;9;319053,65;Sao Bernardo do Campo;Junho;;;1,5;1;810.729
354870;2019;7;01/07/2019;0;20;41;37;1;241;19;366197,58;Sao Bernardo do Campo;Julho;;;1,5;1;810.729
354870;2019;8;01/08/2019;0;15;33;42;1;222;11;379455,58;Sao Bernardo do Campo;Agosto;;;1,9;1;810.729
354870;2019;9;01/09/2019;0;17;32;47;1;238;14;335950;Sao Bernardo do Campo;Setembro;;;1,8;1;810.729
354870;2019;10;01/10/2019;0;17;25;62;1;251;7;306976,22;Sao Bernardo do Campo;Outubro;;;2;1;810.729
354870;2019;11;01/11/2019;0;14;18;48;1;245;10;325757,75;Sao Bernardo do Campo;Novembro;;;2,1;1;810.729
354870;2019;12;01/12/2019;0;14;20;52;1;205;10;370727,49;Sao Bernardo do Campo;Dezembro;;;2;1;810.729
354870;2020;1;01/01/2020;0;13;19;42;1;210;15;315128,8;Sao Bernardo do Campo;Janeiro;;;2;1;810.729
354870;2020;2;01/02/2020;0;13;19;37;1;218;15;271425,57;Sao Bernardo do Campo;Fevereiro;;;1,9;1;810.729
354870;2020;3;01/03/2020;1;14;16;47;1;273;15;342541,3;Sao Bernardo do Campo;Março;;;1,9;1;810.729
354870;2020;4;01/04/2020;1;14;17;49;1;174;25;355894,38;Sao Bernardo do Campo;Abril;;;1,8;1;810.729
354870;2020;5;01/05/2020;1;17;28;38;1;184;17;337481,48;Sao Bernardo do Campo;Maio;;;1,7;1;810.729
354870;2020;6;01/06/2020;1;16;32;33;1;189;37;398138,54;Sao Bernardo do Campo;Junho;;;1,6;1;810.729
354870;2020;7;01/07/2020;1;17;32;40;1;187;23;235956,81;Sao Bernardo do Campo;Julho;;;1,7;1;810.729
354870;2020;8;01/08/2020;1;15;28;45;1;190;21;286345,23;Sao Bernardo do Campo;Agosto;;;1,6;1;810.729
354870;2020;9;01/09/2020;1;24;30;61;1;293;30;445454,34;Sao Bernardo do Campo;Setembro;;;1,8;1;810.729
354870;2020;10;01/10/2020;1;18;53;56;1;234;17;360879,35;Sao Bernardo do Campo;Outubro;;;1,9;1;810.729
354870;2020;11;01/11/2020;1;13;12;52;1;239;23;427871,54;Sao Bernardo do Campo;Novembro;;;2;1;810.729
354870;2020;12;01/12/2020;1;11;17;48;1;212;20;511732,74;Sao Bernardo do Campo;Dezembro;;;2;1;810.729
354870;2021;1;01/01/2021;1;13;17;51;1;198;25;635862,14;Sao Bernardo do Campo;Janeiro;;;1,9;1;810.729
354870;2021;2;01/02/2021;1;13;20;46;1;214;18;397110,98;Sao Bernardo do Campo;Fevereiro;;;1,9;1;810.729
354870;2021;3;01/03/2021;1;15;19;54;1;272;18;389848,34;Sao Bernardo do Campo;Março;;;1,7;1;810.729
354870;2021;4;01/04/2021;1;9;15;39;1;177;18;328365,91;Sao Bernardo do Campo;Abril;;;1,9;1;810.729
354870;2021;5;01/05/2021;1;17;31;36;1;234;11;474064,19;Sao Bernardo do Campo;Maio;;;1,6;1;810.729
354870;2021;6;01/06/2021;1;15;28;34;1;320;28;956635,76;Sao Bernardo do Campo;Junho;;;1,5;1;810.729
354870;2021;7;01/07/2021;1;18;33;41;1;188;14;518070,74;Sao Bernardo do Campo;Julho;;;1,6;1;810.729
354870;2021;8;01/08/2021;1;18;32;48;1;162;10;277682,38;Sao Bernardo do Campo;Agosto;;;1,7;1;810.729
354870;2021;9;01/09/2021;1;19;28;53;1;179;13;307721,61;Sao Bernardo do Campo;Setembro;;;1,8;1;810.729
354870;2021;10;01/10/2021;1;11;19;47;1;168;17;386420,43;Sao Bernardo do Campo;Outubro;;;1,9;1;810.729
354870;2021;11;01/11/2021;1;12;18;49;1;192;20;466382,39;Sao Bernardo do Campo;Novembro;;;2,1;1;810.729
354870;2021;12;01/12/2021;1;11;17;44;1;232;11;351879,74;Sao Bernardo do Campo;Dezembro;;;2;1;810.729
354870;2022;1;01/01/2022;1;13;19;47;1;233;21;452342,59;Sao Bernardo do Campo;Janeiro;;;1,7;1;810.729
354870;2022;2;01/02/2022;1;13;18;51;1;187;16;345106,38;Sao Bernardo do Campo;Fevereiro;;;1,9;1;810.729
354870;2022;3;01/03/2022;1;13;24;50;1;197;16;303142,47;Sao Bernardo do Campo;Março;;;1,8;1;810.729
354870;2022;4;01/04/2022;1;11;20;44;1;244;14;500894,04;Sao Bernardo do Campo;Abril;;;1,8;1;810.729
354870;2022;5;01/05/2022;1;13;28;35;1;295;19;514448,26;Sao Bernardo do Campo;Maio;;;1,8;1;810.729
354870;2022;6;01/06/2022;0;16;40;28;1;236;16;454003;Sao Bernardo do Campo;Junho;;;1,5;1;810.729
354870;2022;7;01/07/2022;0;20;35;41;1;270;21;499271,39;Sao Bernardo do Campo;Julho;;;1,6;1;810.729
354870;2022;8;01/08/2022;0;15;31;41;1;265;13;579469,86;Sao Bernardo do Campo;Agosto;;;1,8;1;810.729
354870;2022;9;01/09/2022;0;12;26;43;1;196;16;294070,47;Sao Bernardo do Campo;Setembro;;;1,9;1;810.729
354870;2022;10;01/10/2022;0;13;23;54;1;218;14;467272,08;Sao Bernardo do Campo;Outubro;;;1,8;1;810.729
354870;2022;11;01/11/2022;0;9;17;48;1;193;13;403031,62;Sao Bernardo do Campo;Novembro;;;2,1;1;810.729
354870;2022;12;01/12/2022;0;11;21;36;1;214;9;375063,59;Sao Bernardo do Campo;Dezembro;;;1,8;1;810.729
354870;2023;1;01/01/2023;0;11;18;42;1;200;16;428642,28;Sao Bernardo do Campo;Janeiro;;;1,9;1;810.729
354870;2023;2;01/02/2023;0;10;23;44;1;211;17;372113,36;Sao Bernardo do Campo;Fevereiro;;;1,9;1;810.729
354870;2023;3;01/03/2023;0;13;26;46;1;229;28;534608,94;Sao Bernardo do Campo;Março;;;1,6;1;810.729
354870;2023;4;01/04/2023;0;11;23;41;1;236;10;369222,53;Sao Bernardo do Campo;Abril;18,6;84;1,7;1;810.729
354870;2023;5;01/05/2023;0;15;31;44;1;254;14;473626,62;Sao Bernardo do Campo;Maio;18,5;79;1,5;1;810.729
354870;2023;6;01/06/2023;0;19;47;34;1;271;19;442975,28;Sao Bernardo do Campo;Junho;17,7;74;1,5;1;810.729
354870;2023;7;01/07/2023;0;17;40;38;1;236;18;415949,51;Sao Bernardo do Campo;Julho;17,6;72;1,6;1;810.729
354870;2023;8;01/08/2023;0;18;36;45;1;234;19;362071,47;Sao Bernardo do Campo;Agosto;18,3;76;1,7;1;810.729
354870;2023;9;01/09/2023;0;17;33;57;1;208;19;351816,37;Sao Bernardo do Campo;Setembro;21,6;71;1,8;1;810.729
354870;2023;10;01/10/2023;0;13;25;49;1;205;15;363074,59;Sao Bernardo do Campo;Outubro;19,9;85;1,8;1;810.729
354870;2023;11;01/11/2023;0;14;25;66;1;193;11;449123,94;Sao Bernardo do Campo;Novembro;22,8;74;2;1;810.729
354870;2023;12;01/12/2023;0;14;21;58;1;178;9;396220,55;Sao Bernardo do Campo;Dezembro;23,1;75;2;1;810.729
354870;2024;1;01/01/2024;0;10;26;54;1;163;14;470600,79;Sao Bernardo do Campo;Janeiro;22,8;78;1,9;1;810.729
354870;2024;2;01/02/2024;0;11;30;55;1;163;12;470124,94;Sao Bernardo do Campo;Fevereiro;23,4;78;1,7;1;810.729
354870;2024;3;01/03/2024;0;12;28;58;1;225;20;395122,48;Sao Bernardo do Campo;Março;23,1;79;1,8;1;810.729
354870;2024;4;01/04/2024;0;15;26;45;1;240;17;498999,66;Sao Bernardo do Campo;Abril;22,2;77;1,6;1;810.729
354870;2024;5;01/05/2024;0;15;35;37;1;251;24;539408,42;Sao Bernardo do Campo;Maio;21,3;70;1,7;1;810.729
354870;2024;6;01/06/2024;0;19;44;33;1;264;24;507181,24;Sao Bernardo do Campo;Junho;19,9;65;1,5;1;810.729
354870;2024;7;01/07/2024;0;19;41;37;1;236;15;546882,48;Sao Bernardo do Campo;Julho;17,2;75;1,4;1;810.729
354870;2024;8;01/08/2024;0;22;51;41;1;248;14;522224,54;Sao Bernardo do Campo;Agosto;19,1;59;1,4;1;810.729
354870;2024;9;01/09/2024;0;30;44;65;1;240;18;509641,9;Sao Bernardo do Campo;Setembro;21,9;65;1,7;1;810.729
354870;2024;10;01/10/2024;0;14;25;54;1;250;18;430653,98;Sao Bernardo do Campo;Outubro;19,9;80;2;1;810.729
354870;2024;11;01/11/2024;0;11;26;46;1;251;20;379008,76;Sao Bernardo do Campo;Novembro;20,9;79;1,8;1;810.729
354870;2024;12;01/12/2024;0;11;25;41;1;224;18;460668,63;Sao Bernardo do Campo;Dezembro;22,3;81;1,9;1;810.729
354870;2025;2;01/02/2025;0;16;25;65;1;225;14;429658,9;Sao Bernardo do Campo;Fevereiro;25,1;72;1,8;1;810.729
354870;2025;3;01/03/2025;0;17;20;51;1;259;16;602237,2;Sao Bernardo do Campo;Março;22,5;78;1,8;1;810.729
354870;2025;4;01/04/2025;0;13;21;43;1;368;21;660576,06;Sao Bernardo do Campo;Abril;20,1;82;1,7;1;810.729
354870;2025;5;01/05/2025;0;13;29;39;1;417;37;821151,32;Sao Bernardo do Campo;Maio;19;75;1,6;1;810.729
354870;2025;6;01/06/2025;0;14;33;30;1;333;24;655289,72;Sao Bernardo do Campo;Junho;17,2;75;1,5;1;810.729
354870;2025;7;01/07/2025;0;15;30;42;1;317;27;577775,72;Sao Bernardo do Campo;Julho;15,3;76;1,6;1;810.729
354870;2025;8;01/08/2025;0;15;29;44;1;253;28;649932,28;Sao Bernardo do Campo;Agosto;16,6;75;1,7;1;810.729
354870;2025;9;01/09/2025;0;14;25;51;1;280;19;580925,32;Sao Bernardo do Campo;Setembro;18,4;74;1,9;1;810.729
354870;2025;10;01/10/2025;0;12;22;51;1;276;30;652160,8;Sao Bernardo do Campo;Outubro;18,7;77;1,9;1;810.729
354870;2025;11;01/11/2025;0;12;21;51;1;248;19;467809,01;Sao Bernardo do Campo;Novembro;19,6;76;2;1;810.729
354870;2025;12;01/12/2025;0;13;22;55;1;176;12;434547,68;Sao Bernardo do Campo;Dezembro;23,5;71;2;1;810.729
354990;2017;1;01/01/2017;0;9;16,5;36,5;2;230;32;271238,68;Sao Jose dos Campos;Janeiro;23,9;80,33333333;1,266666667;3;697.054
354990;2017;2;01/02/2017;0;10;13,5;42,5;2;203;16;274866,81;Sao Jose dos Campos;Fevereiro;25,2;70;1,466666667;3;697.054
354990;2017;3;01/03/2017;0;8;14;34;2;300;30;381029,39;Sao Jose dos Campos;Março;23,16666667;74,66666667;1,466666667;3;697.054
354990;2017;4;01/04/2017;0;9;14,5;33;2;287;23;389868,5;Sao Jose dos Campos;Abril;21,4;75;1,466666667;3;697.054
354990;2017;5;01/05/2017;0;12;22;27,5;2;363;29;351781,89;Sao Jose dos Campos;Maio;19,43333333;78;1,166666667;3;697.054
354990;2017;6;01/06/2017;0;14;25;21,5;2;403;27;390359,73;Sao Jose dos Campos;Junho;17,9;76,66666667;1,066666667;3;697.054
354990;2017;7;01/07/2017;0;14;23;31;2;357;24;323879,8;Sao Jose dos Campos;Julho;16,7;69,33333333;1,233333333;3;697.054
354990;2017;8;01/08/2017;0;17;24;38,5;2;314;24;355683,32;Sao Jose dos Campos;Agosto;18,36666667;69,66666667;1,5;3;697.054
354990;2017;9;01/09/2017;0;22;24,5;61,5;2;282;38;332013,45;Sao Jose dos Campos;Setembro;21,93333333;58;1,5;3;697.054
354990;2017;10;01/10/2017;0;12;19,5;53;2;249;29;418296,97;Sao Jose dos Campos;Outubro;23,16666667;66,66666667;1,633333333;3;697.054
354990;2017;11;01/11/2017;0;8;15,5;45;2;202;24;305221,11;Sao Jose dos Campos;Novembro;22,2;69,33333333;1,7;3;697.054
354990;2017;12;01/12/2017;0;9;15,5;47;2;248;28;222064,09;Sao Jose dos Campos;Dezembro;24,03333333;72;1,6;3;697.054
354990;2018;1;01/01/2018;0;8;15,5;42,5;2;201;40;281431,98;Sao Jose dos Campos;Janeiro;23,63333333;76,33333333;1,4;3;697.054
354990;2018;2;01/02/2018;0;8;12,5;40,5;2;163;21;249289,7;Sao Jose dos Campos;Fevereiro;23,53333333;73;1,466666667;3;697.054
354990;2018;3;01/03/2018;0;11;16,5;46,5;2;188;23;222147,54;Sao Jose dos Campos;Março;24,63333333;75,33333333;1,366666667;3;697.054
354990;2018;4;01/04/2018;0;12;17,5;42,5;2;186;21;205844,03;Sao Jose dos Campos;Abril;22,03333333;72;1,333333333;3;697.054
354990;2018;5;01/05/2018;0;14;19;38,5;2;287;32;338911,24;Sao Jose dos Campos;Maio;19,76666667;70,33333333;1,333333333;3;697.054
354990;2018;6;01/06/2018;0;16;27;23,5;2;310;45;399180,75;Sao Jose dos Campos;Junho;18,9;74;1,033333333;3;697.054
354990;2018;7;01/07/2018;0;21;31;29;2;340;43;526888,86;Sao Jose dos Campos;Julho;18,3;68,66666667;0,933333333;3;697.054
354990;2018;8;01/08/2018;0;11;22;38,5;2;304;33;470196,16;Sao Jose dos Campos;Agosto;18,46666667;70;1,4;3;697.054
354990;2018;9;01/09/2018;0;13;19,5;46;2;257;31;260888,81;Sao Jose dos Campos;Setembro;20,16666667;71,66666667;1,533333333;3;697.054
354990;2018;10;01/10/2018;0;9;15,5;43;2;279;32;390594,48;Sao Jose dos Campos;Outubro;21,2;76;1,566666667;3;697.054
354990;2018;11;01/11/2018;0;7;12,5;38,5;2;250;28;342546,07;Sao Jose dos Campos;Novembro;22,33333333;74;1,7;3;697.054
354990;2018;12;01/12/2018;0;10;14;50;2;241;37;226230,76;Sao Jose dos Campos;Dezembro;24,26666667;70,66666667;1,533333333;3;697.054
354990;2019;1;01/01/2019;0;10;15,5;48;2;225;27;370848,81;Sao Jose dos Campos;Janeiro;25,8;70,33333333;1,433333333;3;697.054
354990;2019;2;01/02/2019;0;8;15,5;35,5;2;154;18;219833,63;Sao Jose dos Campos;Fevereiro;24,03333333;76,33333333;1,333333333;3;697.054
354990;2019;3;01/03/2019;0;8;14,5;35;2;196;23;231605,19;Sao Jose dos Campos;Março;23,66666667;76,33333333;1,333333333;3;697.054
354990;2019;4;01/04/2019;0;12;17;40;2;246;28;331584,02;Sao Jose dos Campos;Abril;23,23333333;74,66666667;1,3;3;697.054
354990;2019;5;01/05/2019;0;12;21;31,5;2;290;28;352604,4;Sao Jose dos Campos;Maio;21,16666667;75,66666667;1,25;3;697.054
354990;2019;6;01/06/2019;0;15;25,5;28;2;277;39;393426,81;Sao Jose dos Campos;Junho;18,7;73,66666667;1,1;3;697.054
354990;2019;7;01/07/2019;0;16;27,5;32;2;315;48;335452,03;Sao Jose dos Campos;Julho;16,76666667;70,33333333;1,2;3;697.054
354990;2019;8;01/08/2019;0;12;21;36,5;2;366;42;365252,42;Sao Jose dos Campos;Agosto;18,43333333;68,66666667;1,5;3;697.054
354990;2019;9;01/09/2019;0;14;21;44;2;321;24;341569,12;Sao Jose dos Campos;Setembro;21,2;70;1,6;3;697.054
354990;2019;10;01/10/2019;0;10;15;56;2;336;30;364265,87;Sao Jose dos Campos;Outubro;23,46666667;65,66666667;1,65;3;697.054
354990;2019;11;01/11/2019;0;8;11,5;45,5;2;249;28;308575,65;Sao Jose dos Campos;Novembro;22,9;71,66666667;1,85;3;697.054
354990;2019;12;01/12/2019;0;8;13,5;46;2;238;29;282568,36;Sao Jose dos Campos;Dezembro;23,9;71,33333333;1,65;3;697.054
354990;2020;1;01/01/2020;0;7;12;38,5;2;222;25;271059,1;Sao Jose dos Campos;Janeiro;24,1;73,33333333;1,55;3;697.054
354990;2020;2;01/02/2020;0;6;14;32,5;2;303;23;237464,97;Sao Jose dos Campos;Fevereiro;22,3;81;1,45;3;697.054
354990;2020;3;01/03/2020;1;8;12;40;2;231;30;271394,03;Sao Jose dos Campos;Março;22,13333333;72,66666667;1,6;3;697.054
354990;2020;4;01/04/2020;1;10;12,5;42;2;145;32;188325,21;Sao Jose dos Campos;Abril;21,15;68,5;1,9;3;697.054
354990;2020;5;01/05/2020;1;14;18,5;33,5;2;153;31;175520,82;Sao Jose dos Campos;Maio;18,2;68;1,3;3;697.054
354990;2020;6;01/06/2020;1;15;23;26,5;2;230;57;399777,07;Sao Jose dos Campos;Junho;19,5;72;1,15;3;697.054
354990;2020;7;01/07/2020;1;14;25,5;33,5;2;167;46;328014,53;Sao Jose dos Campos;Julho;18,9;67;1,35;3;697.054
354990;2020;8;01/08/2020;1;12;22;37,5;2;234;60;467941,63;Sao Jose dos Campos;Agosto;18,2;68;1,35;3;697.054
354990;2020;9;01/09/2020;1;20;22,5;56,5;2;206;53;324635,85;Sao Jose dos Campos;Setembro;23,13333333;63;1,55;3;697.054
354990;2020;10;01/10/2020;1;12;18,5;54,5;2;180;31;283829,21;Sao Jose dos Campos;Outubro;23,03333333;66,33333333;1,75;3;697.054
354990;2020;11;01/11/2020;1;8;14;48,5;2;215;34;234753,9;Sao Jose dos Campos;Novembro;22,03333333;70;1,6;3;697.054
354990;2020;12;01/12/2020;1;7;15,5;41,5;2;176;23;205667,12;Sao Jose dos Campos;Dezembro;23,6;76,33333333;1,5;3;697.054
354990;2021;1;01/01/2021;1;8;14,5;41;2;171;51;369543,64;Sao Jose dos Campos;Janeiro;25,2;71,66666667;1,5;3;697.054
354990;2021;2;01/02/2021;1;;15;36;2;153;36;236294,99;Sao Jose dos Campos;Fevereiro;23,43333333;75,33333333;1,6;3;697.054
354990;2021;3;01/03/2021;1;;15,5;40;2;189;38;276785,61;Sao Jose dos Campos;Março;24,23333333;73;1,8;3;697.054
354990;2021;4;01/04/2021;1;;14;33,5;2;157;36;226519,02;Sao Jose dos Campos;Abril;20,86666667;71;1,45;3;697.054
354990;2021;5;01/05/2021;1;;25;31;2;191;25;273219,39;Sao Jose dos Campos;Maio;18,9;72;1,3;3;697.054
354990;2021;6;01/06/2021;1;;23;28;2;189;35;231235,14;Sao Jose dos Campos;Junho;17,86666667;74,33333333;1,2;3;697.054
354990;2021;7;01/07/2021;1;;30,5;32;2;216;38;259519,91;Sao Jose dos Campos;Julho;15,63333333;66,66666667;1,2;3;697.054
354990;2021;8;01/08/2021;1;;27,5;38,5;2;217;29;375038,07;Sao Jose dos Campos;Agosto;18,76666667;65,33333333;1,35;3;697.054
354990;2021;9;01/09/2021;1;;21;62;2;217;41;331927,82;Sao Jose dos Campos;Setembro;22,16666667;65,66666667;1,65;3;697.054
354990;2021;10;01/10/2021;1;;14;47;1;230;34;331998,03;Sao Jose dos Campos;Outubro;20,46666667;77;1,65;3;697.054
354990;2021;11;01/11/2021;1;;14,5;51;2;249;24;265910,25;Sao Jose dos Campos;Novembro;21,96666667;68,33333333;1,75;3;697.054
354990;2021;12;01/12/2021;1;;13;41,5;2;251;30;244511,39;Sao Jose dos Campos;Dezembro;22,7;71,66666667;1,65;3;697.054
354990;2022;1;01/01/2022;1;;15;40,5;2;309;67;470841,07;Sao Jose dos Campos;Janeiro;23,93333333;76,33333333;1,45;3;697.054
354990;2022;2;01/02/2022;1;6;12,5;46;2;237;49;245540,58;Sao Jose dos Campos;Fevereiro;24,26666667;71;1,55;3;697.054
354990;2022;3;01/03/2022;1;10;16;46;2;275;41;478794,78;Sao Jose dos Campos;Março;24,76666667;71,66666667;1,45;3;697.054
354990;2022;4;01/04/2022;1;10;16;42,5;2;235;29;329843,52;Sao Jose dos Campos;Abril;22,53333333;72;1,4;3;697.054
354990;2022;5;01/05/2022;1;12;21;32,5;2;331;35;457914,47;Sao Jose dos Campos;Maio;18,3;71;1,35;3;697.054
354990;2022;6;01/06/2022;0;13;27;29,5;2;293;37;412347,36;Sao Jose dos Campos;Junho;17,65;74,66666667;1,15;3;697.054
354990;2022;7;01/07/2022;0;17;29,5;37,5;2;301;25;367910,72;Sao Jose dos Campos;Julho;18,73333333;67;1,2;3;697.054
354990;2022;8;01/08/2022;0;11;24,5;41;2;350;41;379521,31;Sao Jose dos Campos;Agosto;18,3;66,5;1,6;3;697.054
354990;2022;9;01/09/2022;0;10;26;41;2;321;26;316672,59;Sao Jose dos Campos;Setembro;18,25;71,5;1,55;3;697.054
354990;2022;10;01/10/2022;0;9;15,5;54;2;264;33;515538,45;Sao Jose dos Campos;Outubro;22,5;71,5;1,6;3;697.054
354990;2022;11;01/11/2022;0;6;10;46;2;300;73;385536,78;Sao Jose dos Campos;Novembro;20,65;70,5;1,7;3;697.054
354990;2022;12;01/12/2022;0;6;14;38;1;267;33;371551,2;Sao Jose dos Campos;Dezembro;23,1;74;1,65;3;697.054
354990;2023;1;01/01/2023;0;6;13;38;1;230;37;293261,45;Sao Jose dos Campos;Janeiro;23,6;75;1,4;3;697.054
354990;2023;2;01/02/2023;0;7;15,5;32;2;266;34;405923,51;Sao Jose dos Campos;Fevereiro;25,3;79;1,45;3;697.054
354990;2023;3;01/03/2023;0;9;17,5;35;2;269;23;389299,77;Sao Jose dos Campos;Março;24,15;76;1,45;3;697.054
354990;2023;4;01/04/2023;0;;16,5;32,5;2;271;31;430350,35;Sao Jose dos Campos;Abril;21,2;77;1,35;3;697.054
354990;2023;5;01/05/2023;0;12;22;30,5;2;316;32;472709,26;Sao Jose dos Campos;Maio;19,86666667;75;1,25;3;697.054
354990;2023;6;01/06/2023;0;14;30,5;22,5;2;320;41;554664,95;Sao Jose dos Campos;Junho;17,43333333;76;0,95;3;697.054
354990;2023;7;01/07/2023;0;13;24;31;2;277;33;458826,75;Sao Jose dos Campos;Julho;18,46666667;71,66666667;1;3;697.054
354990;2023;8;01/08/2023;0;14;24,5;40,5;2;335;46;462470,24;Sao Jose dos Campos;Agosto;20;68,33333333;1,166666667;3;697.054
354990;2023;9;01/09/2023;0;13;20;56;2;285;51;433600,58;Sao Jose dos Campos;Setembro;23,53333333;65;1,4;3;697.054
354990;2023;10;01/10/2023;0;8;15,5;50;2;280;42;328639,82;Sao Jose dos Campos;Outubro;22,86666667;77,66666667;1,433333333;3;697.054
354990;2023;11;01/11/2023;0;11;17;60,5;2;263;28;368174,08;Sao Jose dos Campos;Novembro;24,75;69;1,433333333;3;697.054
354990;2023;12;01/12/2023;0;9;12,5;55,5;2;239;33;333264,64;Sao Jose dos Campos;Dezembro;25,55;66;1,566666667;3;697.054
354990;2024;1;01/01/2024;0;8;14;40;2;231;35;335384,66;Sao Jose dos Campos;Janeiro;24,35;74,5;1,333333333;3;697.054
354990;2024;2;01/02/2024;0;8;16;37,5;2;223;28;246249,94;Sao Jose dos Campos;Fevereiro;24,9;73,5;1,266666667;3;697.054
354990;2024;3;01/03/2024;0;8;14,5;35;2;261;36;328807,59;Sao Jose dos Campos;Março;24,9;75,5;1,266666667;3;697.054
354990;2024;4;01/04/2024;0;12;18,5;40,5;2;305;35;558334,77;Sao Jose dos Campos;Abril;23,73333333;70,33333333;1,266666667;3;697.054
354990;2024;5;01/05/2024;0;13;26;27,5;2;288;40;428247,18;Sao Jose dos Campos;Maio;21,83333333;70;1,033333333;3;697.054
354990;2024;6;01/06/2024;0;17;35;24;2;281;44;495990,47;Sao Jose dos Campos;Junho;19,13333333;71;0,766666667;3;697.054
354990;2024;7;01/07/2024;0;16;31,5;27,5;2;337;50;561355,49;Sao Jose dos Campos;Julho;17,76666667;75;0,933333333;3;697.054
354990;2024;8;01/08/2024;0;19;33;37;2;288;32;373207,14;Sao Jose dos Campos;Agosto;18,76666667;63,33333333;1,066666667;3;697.054
354990;2024;9;01/09/2024;0;27;31;54,5;2;299;44;486139,73;Sao Jose dos Campos;Setembro;23,16666667;60,33333333;1,266666667;3;697.054
354990;2024;10;01/10/2024;0;10;14;46;2;251;30;343353,51;Sao Jose dos Campos;Outubro;22,4;70,33333333;1,633333333;3;697.054
354990;2024;11;01/11/2024;0;7;14;32,5;2;227;34;488356,08;Sao Jose dos Campos;Novembro;22,96666667;71,33333333;1,533333333;3;697.054
354990;2024;12;01/12/2024;0;7;14;28;2;194;32;321904,63;Sao Jose dos Campos;Dezembro;23,9;75,33333333;1,55;3;697.054
354990;2025;1;01/01/2025;0;7;13;33;2;194;32;399860,77;Sao Jose dos Campos;Janeiro;24,33333333;73,33333333;1,65;3;697.054
354990;2025;2;01/02/2025;0;9;18;42,5;2;208;30;352620,73;Sao Jose dos Campos;Fevereiro;25,43333333;72,66666667;1,35;3;697.054
354990;2025;3;01/03/2025;0;8;16;42,5;2;189;36;329124,88;Sao Jose dos Campos;Março;24,23333333;72,33333333;1,4;3;697.054
354990;2025;4;01/04/2025;0;8;17;32;2;216;15;354415,75;Sao Jose dos Campos;Abril;21,73333333;77,66666667;1,35;3;697.054
354990;2025;5;01/05/2025;0;9;23,5;31;2;275;35;557184,9;Sao Jose dos Campos;Maio;19,93333333;72,33333333;1,3;3;697.054
354990;2025;6;01/06/2025;0;12;29;23,5;2;298;44;854683,52;Sao Jose dos Campos;Junho;17,86666667;74,66666667;1,2;3;697.054
354990;2025;7;01/07/2025;0;13;26,5;34;2;285;36;692320,58;Sao Jose dos Campos;Julho;16,33333333;72,33333333;1,2;3;697.054
354990;2025;8;01/08/2025;0;13;22,5;41;2;254;31;471213,62;Sao Jose dos Campos;Agosto;18,6;67,33333333;1,4;3;697.054
354990;2025;9;01/09/2025;0;10;17;48,5;2;234;32;453158,45;Sao Jose dos Campos;Setembro;20,83333333;63,66666667;1,85;3;697.054
354990;2025;10;01/10/2025;0;10;17;46;2;265;36;438255,29;Sao Jose dos Campos;Outubro;21,03333333;68,66666667;1,7;3;697.054
354990;2025;11;01/11/2025;0;9;15,5;46;2;248;34;423519,99;Sao Jose dos Campos;Novembro;21,93333333;69;1,65;3;697.054
354990;2025;12;01/12/2025;0;9;14;49,5;2;214;18;448717,97;Sao Jose dos Campos;Dezembro;25,26666667;66,33333333;1,65;3;697.054
355030;2017;1;01/01/2017;0;11,125;33,125;39,125;10;3370;379;4605184,1;Sao Paulo;Janeiro;23,01666667;81,16666667;1,833333333;6;11.451.999
355030;2017;2;01/02/2017;0;14,33333333;35,625;46,75;10;3101;315;3446679,57;Sao Paulo;Fevereiro;23,88333333;73,5;1,883333333;6;11.451.999
355030;2017;3;01/03/2017;0;11,22222222;31,875;33,75;10;5501;389;6026850,49;Sao Paulo;Março;21,78333333;79,16666667;2,55;6;11.451.999
355030;2017;4;01/04/2017;0;10,88888889;29,375;31,625;10;5233;316;5009790,89;Sao Paulo;Abril;19,95;80,66666667;2;6;11.451.999
355030;2017;5;01/05/2017;0;15,8;38,625;24,875;10;5581;405;5895849,81;Sao Paulo;Maio;18,65;81,83333333;1,65;6;11.451.999
355030;2017;6;01/06/2017;0;18,6;44;23,25;10;5132;376;5132937,1;Sao Paulo;Junho;17,51666667;77,5;3,2;6;11.451.999
355030;2017;7;01/07/2017;0;20,4;44,125;30,875;10;4710;380;5580795,49;Sao Paulo;Julho;16,41666667;72,5;1,72;6;11.451.999
355030;2017;8;01/08/2017;0;20,77777778;46,375;34;10;4854;445;5514638,63;Sao Paulo;Agosto;17,11666667;75,66666667;1,96;6;11.451.999
355030;2017;9;01/09/2017;0;30,22222222;52,375;60,125;10;4293;375;4935911,74;Sao Paulo;Setembro;20,96666667;63,33333333;1,96;6;11.451.999
355030;2017;10;01/10/2017;0;16,8;42;48,75;10;4330;378;4908410,79;Sao Paulo;Outubro;20,98333333;74,5;2,12;6;11.451.999
355030;2017;11;01/11/2017;0;13,3;34,57142857;44;10;4396;346;4920411,32;Sao Paulo;Novembro;20,48333333;76;2,325;6;11.451.999
355030;2017;12;01/12/2017;0;13,77777778;33,14285714;42,375;10;3689;364;4051000,36;Sao Paulo;Dezembro;22,13333333;79,16666667;2,08;6;11.451.999
355030;2018;1;01/01/2018;0;11,88888889;29,625;42,25;10;3387;389;4362171,07;Sao Paulo;Janeiro;22,5;79;1,95;6;11.451.999
355030;2018;2;01/02/2018;0;10,8;27,33333333;37;10;3092;363;3935518,34;Sao Paulo;Fevereiro;22,05;77,16666667;2;6;11.451.999
355030;2018;3;01/03/2018;0;15,3;35,11111111;40,25;10;4507;342;4457430,82;Sao Paulo;Março;23,33333333;80,16666667;1,633333333;6;11.451.999
355030;2018;4;01/04/2018;0;17;35,66666667;38,875;10;5715;326;5095412,48;Sao Paulo;Abril;21,03333333;76,5;1,683333333;6;11.451.999
355030;2018;5;01/05/2018;0;19,8;36,33333333;35,375;10;5356;383;5560453,77;Sao Paulo;Maio;18,91666667;75,16666667;1,75;6;11.451.999
355030;2018;6;01/06/2018;0;22,55555556;44,88888889;23,875;10;5194;462;6101490,86;Sao Paulo;Junho;18,26666667;75,33333333;1,533333333;6;11.451.999
355030;2018;7;01/07/2018;0;31,9;53,22222222;35;10;4902;418;5530601,32;Sao Paulo;Julho;18,26666667;68;1,366666667;6;11.451.999
355030;2018;8;01/08/2018;0;15,5;40,55555556;32;10;4403;398;5009493,68;Sao Paulo;Agosto;16,78333333;76,66666667;1,9;6;11.451.999
355030;2018;9;01/09/2018;0;17;35,44444444;43,75;10;4475;359;5046979,04;Sao Paulo;Setembro;18,81666667;77,83333333;2,016666667;6;11.451.999
355030;2018;10;01/10/2018;0;13,11111111;32,22222222;37,875;10;4971;362;5145749,7;Sao Paulo;Outubro;19,58333333;83,83333333;2,016666667;6;11.451.999
355030;2018;11;01/11/2018;0;12,4;28,875;38,625;10;4572;352;5235678,75;Sao Paulo;Novembro;20,61666667;79,66666667;2,233333333;6;11.451.999
355030;2018;12;01/12/2018;0;17,5;30,77777778;54,5;10;3754;334;4484205,53;Sao Paulo;Dezembro;23,11666667;70,83333333;1,983333333;6;11.451.999
355030;2019;1;01/01/2019;0;15,5;37;52,625;10;3458;362;4531324,99;Sao Paulo;Janeiro;25,16666667;72,83333333;1,75;6;11.451.999
355030;2019;2;01/02/2019;0;13,5;32,42857143;36,75;10;2968;335;4012596,66;Sao Paulo;Fevereiro;22,93333333;77,66666667;1,85;6;11.451.999
355030;2019;3;01/03/2019;0;12,22222222;30,14285714;34,28571429;10;3910;341;4526392,92;Sao Paulo;Março;22,36666667;80,66666667;1,8;6;11.451.999
355030;2019;4;01/04/2019;0;16,6;37,42857143;38;10;5545;323;5646863;Sao Paulo;Abril;22,05;78;1,583333333;6;11.451.999
355030;2019;5;01/05/2019;0;17,8;40,42857143;30,375;10;5292;387;5875593,59;Sao Paulo;Maio;20,33333333;78,33333333;1,583333333;6;11.451.999
355030;2019;6;01/06/2019;0;22,4;44,14285714;28,25;10;4929;407;5694797,9;Sao Paulo;Junho;18,81666667;76,66666667;1,483333333;6;11.451.999
355030;2019;7;01/07/2019;0;22,9;46,85714286;33,85714286;10;4734;412;5547930,83;Sao Paulo;Julho;16,8;70,8;1,6;6;11.451.999
355030;2019;8;01/08/2019;0;18,1;39,28571429;40,125;10;4554;421;5276039,19;Sao Paulo;Agosto;17,32;72,8;2,066666667;6;11.451.999
355030;2019;9;01/09/2019;0;19;38,28571429;43,625;10;4458;427;4959750,7;Sao Paulo;Setembro;19,52;75,2;2;6;11.451.999
355030;2019;10;01/10/2019;0;16,7;35,85714286;60;10;4874;395;5790785,55;Sao Paulo;Outubro;22,06;70,8;2,066666667;6;11.451.999
355030;2019;11;01/11/2019;0;12,4;29,28571429;45,25;10;4151;321;4942543,99;Sao Paulo;Novembro;21,18;77,2;2,266666667;6;11.451.999
355030;2019;12;01/12/2019;0;12,7;30,42857143;44,875;10;3807;340;4762564,17;Sao Paulo;Dezembro;22,3;76,8;2;6;11.451.999
355030;2020;1;01/01/2020;0;12,6;28,28571429;37,625;10;3433;426;4916112,12;Sao Paulo;Janeiro;22,82;76,8;1,983333333;6;11.451.999
355030;2020;2;01/02/2020;0;10,1;28,14285714;34,25;10;3293;339;3912552,12;Sao Paulo;Fevereiro;21,84;83,6;1,866666667;6;11.451.999
355030;2020;3;01/03/2020;1;11,9;25;47,125;10;4872;458;5688739,76;Sao Paulo;Março;21,48;76,4;1,983333333;6;11.451.999
355030;2020;4;01/04/2020;1;13,2;24,57142857;48;10;3688;581;5473337,54;Sao Paulo;Abril;19,8;73,8;1,916666667;6;11.451.999
355030;2020;5;01/05/2020;1;17,55555556;32,85714286;37,5;10;3413;565;5764952,96;Sao Paulo;Maio;17,36;71;1,833333333;6;11.451.999
355030;2020;6;01/06/2020;1;17,1;37,57142857;31;10;3763;539;6395314,5;Sao Paulo;Junho;19,04;76,8;1,716666667;6;11.451.999
355030;2020;7;01/07/2020;1;18,2;39,14285714;38,25;10;3820;441;5613797,74;Sao Paulo;Julho;18,24;68,5;1,816666667;6;11.451.999
355030;2020;8;01/08/2020;1;17,2;37,85714286;41,375;10;3224;404;6147492,67;Sao Paulo;Agosto;17,24;76,6;1,816666667;6;11.451.999
355030;2020;9;01/09/2020;1;23,66666667;39;62;10;2845;314;5608132,79;Sao Paulo;Setembro;21,46;71,8;2;6;11.451.999
355030;2020;10;01/10/2020;1;17,22222222;38;55,875;10;2666;327;4034538,53;Sao Paulo;Outubro;22,74;75,4;2,116666667;6;11.451.999
355030;2020;11;01/11/2020;1;11,88888889;29,57142857;55,42857143;10;2745;290;3748035,15;Sao Paulo;Novembro;20,35;78,2;2,1;6;11.451.999
355030;2020;12;01/12/2020;1;10;28,71428571;46,28571429;10;2390;283;3093081,37;Sao Paulo;Dezembro;22,2;81,6;2,05;6;11.451.999
355030;2021;1;01/01/2021;1;13,3;28,16666667;50,14285714;10;2915;325;4179636,88;Sao Paulo;Janeiro;23,7;79,4;2,06;6;11.451.999
355030;2021;2;01/02/2021;1;11,6;29,16666667;45,42857143;10;3160;380;4305925,48;Sao Paulo;Fevereiro;22,3;75,25;2,06;6;11.451.999
355030;2021;3;01/03/2021;1;13,11111111;30,57142857;52,71428571;10;3931;434;5561417;Sao Paulo;Março;23,125;73,25;1,666666667;6;11.451.999
355030;2021;4;01/04/2021;1;9,6;24,14285714;38,14285714;10;2778;396;4766812,51;Sao Paulo;Abril;19,375;74,5;1,966666667;6;11.451.999
355030;2021;5;01/05/2021;1;18,4;39,14285714;34,57142857;10;2845;359;4764648,49;Sao Paulo;Maio;18,05;72,5;1,633333333;6;11.451.999
355030;2021;6;01/06/2021;1;16,3;36,71428571;32;10;3031;346;5001067,87;Sao Paulo;Junho;16,875;76,75;1,616666667;6;11.451.999
355030;2021;7;01/07/2021;1;21,9;44,14285714;38,5;10;3114;339;5306097,32;Sao Paulo;Julho;15,375;66,75;1,666666667;6;11.451.999
355030;2021;8;01/08/2021;1;23,8;43,42857143;46,125;10;3443;355;5202948,18;Sao Paulo;Agosto;18,15;66,75;1,833333333;6;11.451.999
355030;2021;9;01/09/2021;1;21,4;40,14285714;55;10;3533;298;5722237,32;Sao Paulo;Setembro;20,15;69,5;2,216666667;6;11.451.999
355030;2021;10;01/10/2021;1;11,3;32,42857143;44,5;10;3995;308;6018515,84;Sao Paulo;Outubro;18,325;79;2,333333333;6;11.451.999
355030;2021;11;01/11/2021;1;12,1;29,71428571;50,375;10;4456;298;6107205,34;Sao Paulo;Novembro;20,275;76,4;2,483333333;6;11.451.999
355030;2021;12;01/12/2021;1;10,8;27,28571429;43,375;10;5032;402;6861678,43;Sao Paulo;Dezembro;20,85;72,5;2,316666667;6;11.451.999
355030;2022;1;01/01/2022;1;10,6;27,42857143;42,14285714;10;4709;497;6953337,08;Sao Paulo;Janeiro;22,325;76,75;1,883333333;6;11.451.999
355030;2022;2;01/02/2022;1;12,6;30,33333333;50,75;10;3030;295;4988061,81;Sao Paulo;Fevereiro;23,03333333;80,6;2,125;6;11.451.999
355030;2022;3;01/03/2022;1;12,9;36,14285714;46,625;10;4254;313;5651114,98;Sao Paulo;Março;23,23333333;72;2;6;11.451.999
355030;2022;4;01/04/2022;1;12;32,14285714;43,375;10;4562;274;5837638,07;Sao Paulo;Abril;20,95;70,33333333;2,05;6;11.451.999
355030;2022;5;01/05/2022;1;16,3;40,57142857;34,5;10;4554;336;6102425,22;Sao Paulo;Maio;17,78;68,66666667;2,1;6;11.451.999
355030;2022;6;01/06/2022;0;18,11111111;45;30,5;10;4452;310;5952101,39;Sao Paulo;Junho;16,9;73,33333333;1,825;6;11.451.999
355030;2022;7;01/07/2022;0;23,6;47,14285714;41,125;10;4920;414;7520385,44;Sao Paulo;Julho;18,88;71,25;1,95;6;11.451.999
355030;2022;8;01/08/2022;0;16,2;38,85714286;38;10;4338;346;6663484,68;Sao Paulo;Agosto;16,75;68;2,375;6;11.451.999
355030;2022;9;01/09/2022;0;14,7;37,57142857;40,375;10;4268;353;6493020,74;Sao Paulo;Setembro;16,425;74,33333333;2,175;6;11.451.999
355030;2022;10;01/10/2022;0;13,7;36;51,875;10;4973;404;7436959,87;Sao Paulo;Outubro;20,425;71,33333333;4,04;6;11.451.999
355030;2022;11;01/11/2022;0;9,5;30,42857143;47,625;10;4867;336;7080623,15;Sao Paulo;Novembro;18,875;70;2,275;6;11.451.999
355030;2022;12;01/12/2022;0;10;29,85714286;39;10;4375;320;7089369,51;Sao Paulo;Dezembro;21,225;74;2,8;6;11.451.999
355030;2023;1;01/01/2023;0;10,44444444;27,85714286;40,125;10;3778;338;6993337,62;Sao Paulo;Janeiro;21,925;74,66666667;2,06;6;11.451.999
355030;2023;2;01/02/2023;0;9,777777778;31,57142857;42,75;10;4068;299;6452900,6;Sao Paulo;Fevereiro;22,55;76;2,14;6;11.451.999
355030;2023;3;01/03/2023;0;12,77777778;36,57142857;44,5;10;4864;321;6785137,73;Sao Paulo;Março;22,9;71,66666667;1,86;6;11.451.999
355030;2023;4;01/04/2023;0;11,33333333;32;37,875;10;4807;362;6525698,2;Sao Paulo;Abril;19,625;73,66666667;2;6;11.451.999
355030;2023;5;01/05/2023;0;16,66666667;41,14285714;37,5;10;5739;370;7805399,81;Sao Paulo;Maio;18,475;71,66666667;1,64;6;11.451.999
355030;2023;6;01/06/2023;0;20,77777778;48,85714286;32,375;10;5714;442;7834565,47;Sao Paulo;Junho;17,45;71;1,58;6;11.451.999
355030;2023;7;01/07/2023;0;17,77777778;45,14285714;35,75;10;5133;433;7543607,74;Sao Paulo;Julho;17,475;67,66666667;1,86;6;11.451.999
355030;2023;8;01/08/2023;0;20,375;46,71428571;42,25;10;5248;480;8149758,23;Sao Paulo;Agosto;18,8;67;2,06;6;11.451.999
355030;2023;9;01/09/2023;0;17,55555556;44;53,125;10;4510;378;7173449,89;Sao Paulo;Setembro;21,625;64,66666667;2,2;6;11.451.999
355030;2023;10;01/10/2023;0;12,11111111;40,5;43,375;10;4529;402;7329362,64;Sao Paulo;Outubro;21,725;77,33333333;2,12;6;11.451.999
355030;2023;11;01/11/2023;0;13,6;38,28571429;61,375;10;4470;355;7074253,06;Sao Paulo;Novembro;22,925;67,66666667;2,28;6;11.451.999
355030;2023;12;01/12/2023;0;13,7;33;58,625;10;4006;285;6106336,93;Sao Paulo;Dezembro;23,75;65,33333333;2,18;6;11.451.999
355030;2024;1;01/01/2024;0;9,9;28,42857143;44;10;3531;425;5925369,8;Sao Paulo;Janeiro;22,75;73;2,12;6;11.451.999
355030;2024;2;01/02/2024;0;12,1;34,57142857;42,875;10;3548;384;6164239,24;Sao Paulo;Fevereiro;23,475;72,33333333;1,84;6;11.451.999
355030;2024;3;01/03/2024;0;12,3;33,14285714;43,125;10;4631;469;7093653,21;Sao Paulo;Março;23,1;74,33333333;1,9;6;11.451.999
355030;2024;4;01/04/2024;0;17,9;40,85714286;46;10;5404;469;7641866,6;Sao Paulo;Abril;22,6;69,33333333;1,78;6;11.451.999
355030;2024;5;01/05/2024;0;17,8;46,14285714;34,625;10;5340;477;8160079,22;Sao Paulo;Maio;20,04;65,66666667;1,82;6;11.451.999
355030;2024;6;01/06/2024;0;24,5;54;31,25;10;5418;488;8521396,79;Sao Paulo;Junho;19,76;63,33333333;1,54;6;11.451.999
355030;2024;7;01/07/2024;0;24,3;53,14285714;32,625;10;5114;506;7998126,27;Sao Paulo;Julho;17,34;70,33333333;1,56;6;11.451.999
355030;2024;8;01/08/2024;0;27,5;58,42857143;42,75;10;5459;466;8471435,08;Sao Paulo;Agosto;19,25;58,66666667;1,76;6;11.451.999
355030;2024;9;01/09/2024;0;35,7;57,71428571;60,25;10;4837;436;7625077,17;Sao Paulo;Setembro;22,44;58,66666667;1,9;6;11.451.999
355030;2024;10;01/10/2024;0;14,3;34,85714286;49,375;10;4879;434;8192521,31;Sao Paulo;Outubro;20,15;73;2,36;6;11.451.999
355030;2024;11;01/11/2024;0;11,1;33,42857143;42,625;10;5220;436;7893222,37;Sao Paulo;Novembro;21,08;72,66666667;2,1;6;11.451.999
355030;2024;12;01/12/2024;0;10;28,71428571;42,14285714;10;5023;477;7620983,7;Sao Paulo;Dezembro;22,12;74;2,14;6;11.451.999
355030;2025;1;01/01/2025;0;10,1;27,14285714;42;10;4186;445;7056685,81;Sao Paulo;Janeiro;23,26666667;71,66666667;2,06;6;11.451.999
355030;2025;2;01/02/2025;0;13,4;36,14285714;50;10;3545;380;6550238,4;Sao Paulo;Fevereiro;24,74;69;1,84;6;11.451.999
355030;2025;3;01/03/2025;0;12,5;31;44,42857143;10;4490;384;6646362,2;Sao Paulo;Março;22,98;70;1,94;6;11.451.999
355030;2025;4;01/04/2025;0;10,88888889;34,14285714;34,75;10;5459;391;7989886,25;Sao Paulo;Abril;20,18;77;1,88;6;11.451.999
355030;2025;5;01/05/2025;0;13,9;42,42857143;31,625;10;5965;480;8964462,06;Sao Paulo;Maio;19,04;71;1,8;6;11.451.999
355030;2025;6;01/06/2025;0;14,9;45;24,875;10;5790;503;9094727,61;Sao Paulo;Junho;17,1;73,33333333;1,78;6;11.451.999
355030;2025;7;01/07/2025;0;16,1;41,71428571;34,5;10;5253;507;9657176,29;Sao Paulo;Julho;15,34;70,33333333;1,92;6;11.451.999
355030;2025;8;01/08/2025;0;16,5;41;37,375;10;5108;490;8147138,53;Sao Paulo;Agosto;17;68,33333333;2;6;11.451.999
355030;2025;9;01/09/2025;0;14,3;37,14285714;44,25;10;5138;441;8230264;Sao Paulo;Setembro;18,85;65,66666667;2,36;6;11.451.999
355030;2025;10;01/10/2025;0;11,9;34,71428571;42,25;10;5477;392;8488831,9;Sao Paulo;Outubro;19,18333333;70;2,32;6;11.451.999
355030;2025;11;01/11/2025;0;11,1;33,42857143;43,5;10;5067;407;8093916,68;Sao Paulo;Novembro;20,48;69;2,2;6;11.451.999
355030;2025;12;01/12/2025;0;11,9;31;46,875;10;4047;397;6719941,91;Sao Paulo;Dezembro;24,08;67;2,18;6;11.451.999
355410;2017;1;01/01/2017;0;8;15;40;1;52;7;166286,58;Taubate;Janeiro;23,9;81;1,3;1;310.739
355410;2017;2;01/02/2017;0;10;11;48;1;55;4;134144,24;Taubate;Fevereiro;25,5;69;1,6;1;310.739
355410;2017;3;01/03/2017;0;7;12;39;1;79;8;151144,53;Taubate;Março;23,5;74;1,3;1;310.739
355410;2017;4;01/04/2017;0;9;13;35;1;79;5;147146,07;Taubate;Abril;21,7;75;1,4;1;310.739
355410;2017;5;01/05/2017;0;12;19;29;1;86;4;149129,35;Taubate;Maio;19,8;78;1,2;1;310.739
355410;2017;6;01/06/2017;0;16;22;27;1;89;15;336978,22;Taubate;Junho;18,6;76;1,1;1;310.739
355410;2017;7;01/07/2017;0;14;20;34;1;77;8;113492,19;Taubate;Julho;17,2;69;1,2;1;310.739
355410;2017;8;01/08/2017;0;16;22;40;1;86;13;295246,23;Taubate;Agosto;18,6;70;1,4;1;310.739
355410;2017;9;01/09/2017;0;23;19;65;1;79;11;182934,67;Taubate;Setembro;22,6;55;1,5;1;310.739
355410;2017;10;01/10/2017;0;22;16;57;1;92;9;171896,95;Taubate;Outubro;23,5;67;1,6;1;310.739
355410;2017;11;01/11/2017;0;11;12;50;1;76;8;220889,83;Taubate;Novembro;22,5;69;1,6;1;310.739
355410;2017;12;01/12/2017;0;9;12;50;1;101;11;201970,67;Taubate;Dezembro;24,2;72;1,5;1;310.739
355410;2018;1;01/01/2018;0;8;12;44;1;75;5;124703,92;Taubate;Janeiro;23,8;77;1,3;1;310.739
355410;2018;2;01/02/2018;0;8;10;39;1;74;12;258322,91;Taubate;Fevereiro;24;72;1,3;1;310.739
355410;2018;3;01/03/2018;0;10;13;49;1;77;6;194857,78;Taubate;Março;25,1;74;1,3;1;310.739
355410;2018;4;01/04/2018;0;10;14;39;1;78;7;246152,5;Taubate;Abril;22,5;71;1,2;1;310.739
355410;2018;5;01/05/2018;0;14;16;39;1;83;8;247458,09;Taubate;Maio;20,2;69;1,2;1;310.739
355410;2018;6;01/06/2018;0;14;24;26;1;86;10;168390,37;Taubate;Junho;19,4;73;0,9;1;310.739
355410;2018;7;01/07/2018;0;19;26;37;1;100;10;200008,3;Taubate;Julho;19;66;0,9;1;310.739
355410;2018;8;01/08/2018;0;11;19;38;1;108;12;217033,1;Taubate;Agosto;19;69;1,3;1;310.739
355410;2018;9;01/09/2018;0;13;17;49;1;109;11;226940,6;Taubate;Setembro;21,1;70;1,4;1;310.739
355410;2018;10;01/10/2018;0;9;14;44;1;107;10;215196,44;Taubate;Outubro;21,8;77;1,4;1;310.739
355410;2018;11;01/11/2018;0;7;11;40;1;107;13;259763,49;Taubate;Novembro;22,6;75;1,5;1;310.739
355410;2018;12;01/12/2018;0;10;6;59;1;91;13;258962,78;Taubate;Dezembro;24,7;68;1,4;1;310.739
355410;2019;1;01/01/2019;0;10;13;57;1;81;9;169448,28;Taubate;Janeiro;26,1;70;1,2;1;310.739
355410;2019;2;01/02/2019;0;9;14;39;1;73;6;133193,83;Taubate;Fevereiro;24,3;76;1,2;1;310.739
355410;2019;3;01/03/2019;0;8;12;39;1;72;13;132744,47;Taubate;Março;24;76;1,1;1;310.739
355410;2019;4;01/04/2019;0;12;15;43;1;94;11;356132,47;Taubate;Abril;23,7;74;;1;310.739
355410;2019;5;01/05/2019;0;11;19;33;1;79;11;143616,14;Taubate;Maio;21,6;74;;1;310.739
355410;2019;6;01/06/2019;0;13;24;31;1;96;8;280673,7;Taubate;Junho;19,5;72;;1;310.739
355410;2019;7;01/07/2019;0;16;24;35;1;95;11;235799,08;Taubate;Julho;17,1;69;;1;310.739
355410;2019;8;01/08/2019;0;12;18;42;1;90;9;231270,64;Taubate;Agosto;18,8;70;;1;310.739
355410;2019;9;01/09/2019;0;14;18;51;1;91;5;184468,08;Taubate;Setembro;21,7;69;;1;310.739
355410;2019;10;01/10/2019;0;11;14;61;1;90;13;304561,37;Taubate;Outubro;23,9;66;;1;310.739
355410;2019;11;01/11/2019;0;8;11;51;1;83;10;151833,95;Taubate;Novembro;23,4;71;;1;310.739
355410;2019;12;01/12/2019;0;9;12;52;1;72;8;168111,97;Taubate;Dezembro;24,2;72;;1;310.739
355410;2020;1;01/01/2020;0;7;11;44;1;82;12;233001,9;Taubate;Janeiro;24,4;74;;1;310.739
355410;2020;2;01/02/2020;0;6;11;32;1;63;4;206075,21;Taubate;Fevereiro;23,3;80;;1;310.739
355410;2020;3;01/03/2020;1;9;9;39;1;77;4;134227,67;Taubate;Março;23;72;;1;310.739
355410;2020;4;01/04/2020;1;11;9;42;1;56;9;167087,06;Taubate;Abril;21,7;68;;1;310.739
355410;2020;5;01/05/2020;1;14;17;34;1;75;10;298956;Taubate;Maio;18,7;68;;1;310.739
355410;2020;6;01/06/2020;1;14;20;28;1;88;17;375078,09;Taubate;Junho;19,8;72;;1;310.739
355410;2020;7;01/07/2020;1;14;20;34;1;156;20;244877,52;Taubate;Julho;19,3;67;;1;310.739
355410;2020;8;01/08/2020;1;13;16;40;1;136;10;267675,46;Taubate;Agosto;19,1;65;1,4;1;310.739
355410;2020;9;01/09/2020;1;21;17;61;1;142;22;483268,52;Taubate;Setembro;23,8;61;1,4;1;310.739
355410;2020;10;01/10/2020;1;14;13;57;1;135;26;606328,63;Taubate;Outubro;23,6;65;1,6;1;310.739
355410;2020;11;01/11/2020;1;8;10;49;1;145;26;289993,56;Taubate;Novembro;22,5;70;1,5;1;310.739
355410;2020;12;01/12/2020;1;7;11;44;1;138;26;302688,52;Taubate;Dezembro;23,6;78;1,4;1;310.739
355410;2021;1;01/01/2021;1;9;8;48;1;155;34;318003,89;Taubate;Janeiro;25,4;71;1,3;1;310.739
355410;2021;2;01/02/2021;1;9;11;39;1;118;17;354834,48;Taubate;Fevereiro;23,4;76;1,3;1;310.739
355410;2021;3;01/03/2021;1;10;11;43;1;130;17;136775,98;Taubate;Março;24,6;72;1,3;1;310.739
355410;2021;4;01/04/2021;1;8;10;37;1;173;17;357331,78;Taubate;Abril;21,4;69;1,3;1;310.739
355410;2021;5;01/05/2021;1;14;19;33;1;93;11;284696,25;Taubate;Maio;19,6;71;1,2;1;310.739
355410;2021;6;01/06/2021;1;12;18;30;1;96;12;185829,92;Taubate;Junho;18,5;73;1,2;1;310.739
355410;2021;7;01/07/2021;1;16;23;35;1;111;15;584879,63;Taubate;Julho;16,3;64;1,1;1;310.739
355410;2021;8;01/08/2021;1;15;20;40;1;171;19;460473,55;Taubate;Agosto;19,7;63;1,3;1;310.739
355410;2021;9;01/09/2021;1;17;15;57;1;78;9;403656,43;Taubate;Setembro;23,3;61;1,6;1;310.739
355410;2021;10;01/10/2021;1;8;11;41;1;115;15;471327,39;Taubate;Outubro;20,9;77;1,6;1;310.739
355410;2021;11;01/11/2021;1;9;10;45;1;125;24;381441,22;Taubate;Novembro;22,4;68;1,5;1;310.739
355410;2021;12;01/12/2021;1;8;10;35;1;93;8;249468,81;Taubate;Dezembro;22,9;73;1,4;1;310.739
355410;2022;1;01/01/2022;1;8;11;38;1;86;16;455753,43;Taubate;Janeiro;24,2;77;1,3;1;310.739
355410;2022;2;01/02/2022;1;9;11;39;1;63;7;205607,68;Taubate;Fevereiro;24,4;74;1,4;1;310.739
355410;2022;3;01/03/2022;1;10;12;40;1;85;7;309949,33;Taubate;Março;25,2;70;1,4;1;310.739
355410;2022;4;01/04/2022;1;10;12;40;1;92;8;143763,57;Taubate;Abril;22,7;72;1,3;1;310.739
355410;2022;5;01/05/2022;1;12;19;30;1;104;10;263980,1;Taubate;Maio;18,8;71;1,2;1;310.739
355410;2022;6;01/06/2022;0;14;25;28;1;96;9;136084,66;Taubate;Junho;18;73;1,1;1;310.739
355410;2022;7;01/07/2022;0;17;;39;1;85;7;239788,78;Taubate;Julho;19,7;64;1;1;310.739
355410;2022;8;01/08/2022;0;13;16;43;1;82;6;248781,57;Taubate;Agosto;18,9;65;1,4;1;310.739
355410;2022;9;01/09/2022;0;11;16;45;1;97;10;220595,16;Taubate;Setembro;19;71;1,5;1;310.739
355410;2022;10;01/10/2022;0;10;12;57;1;105;13;312227,27;Taubate;Outubro;22,7;72;1,5;1;310.739
355410;2022;11;01/11/2022;0;7;8;47;1;132;13;169179,04;Taubate;Novembro;20,8;73;1,4;1;310.739
355410;2022;12;01/12/2022;0;7;12;37;1;108;9;170987;Taubate;Dezembro;22,8;76;1,4;1;310.739
355410;2023;1;01/01/2023;0;7;7;37;1;88;8;202015,08;Taubate;Janeiro;23,6;76;1,2;1;310.739
355410;2023;2;01/02/2023;0;7;10;41;1;96;4;174338,6;Taubate;Fevereiro;24,1;80;1,3;1;310.739
355410;2023;3;01/03/2023;0;9;11;43;1;101;5;178865,71;Taubate;Março;24;75;1,3;1;310.739
355410;2023;4;01/04/2023;0;8;11;38;1;86;6;160872,71;Taubate;Abril;21,6;75;1,2;1;310.739
355410;2023;5;01/05/2023;0;11;15;36;1;137;11;278703,3;Taubate;Maio;19,9;72;1,1;1;310.739
355410;2023;6;01/06/2023;0;14;22;29;1;104;4;204128,56;Taubate;Junho;17,9;74;0,9;1;310.739
355410;2023;7;01/07/2023;0;13;17;37;1;117;9;207000,08;Taubate;Julho;18,9;68;1,2;1;310.739
355410;2023;8;01/08/2023;0;15;17;49;1;136;8;234569,88;Taubate;Agosto;21,4;63;1,3;1;310.739
355410;2023;9;01/09/2023;0;13;14;54;1;97;6;177294,54;Taubate;Setembro;23,7;62;1,5;1;310.739
355410;2023;10;01/10/2023;0;8;10;48;1;69;6;130189,86;Taubate;Outubro;23,4;76;1,4;1;310.739
355410;2023;11;01/11/2023;0;15;11;61;1;96;11;245515,58;Taubate;Novembro;25,2;67;1,4;1;310.739
355410;2023;12;01/12/2023;0;9;9;56;1;67;7;184377,45;Taubate;Dezembro;25,6;67;1,4;1;310.739
355410;2024;1;01/01/2024;0;7;10;44;1;83;8;222364,71;Taubate;Janeiro;24,2;76;1,3;1;310.739
355410;2024;2;01/02/2024;0;8;9;39;1;75;2;370340,56;Taubate;Fevereiro;24,8;75;1,2;1;310.739
355410;2024;3;01/03/2024;0;8;9;42;1;80;10;170614,18;Taubate;Março;24,7;76;1,2;1;310.739
355410;2024;4;01/04/2024;0;12;12;47;1;98;10;192793,03;Taubate;Abril;24,2;69;1,2;1;310.739
355410;2024;5;01/05/2024;0;15;18;35;1;156;7;360020,9;Taubate;Maio;22,4;69;1,1;1;310.739
355410;2024;6;01/06/2024;0;16;24;31;1;147;14;309094,11;Taubate;Junho;19,8;69;0,9;1;310.739
355410;2024;7;01/07/2024;0;16;22;33;1;135;6;348177,67;Taubate;Julho;18,4;74;1,1;1;310.739
355410;2024;8;01/08/2024;0;19;23;42;1;129;12;203886,54;Taubate;Agosto;19,4;62;1,3;1;310.739
355410;2024;9;01/09/2024;0;31;36;43;1;132;14;335874,04;Taubate;Setembro;24;57;1,4;1;310.739
355410;2024;10;01/10/2024;0;10;;23;1;100;6;303491,54;Taubate;Outubro;22,6;69;1,5;1;310.739
355410;2024;11;01/11/2024;0;7;;16;1;86;6;147718,39;Taubate;Novembro;23,2;72;1,4;1;310.739
355410;2024;12;01/12/2024;0;7;35;14;1;89;16;152532,29;Taubate;Dezembro;24,3;75;1,3;1;310.739
355410;2025;1;01/01/2025;0;7;12;22;1;91;13;239808,08;Taubate;Janeiro;24,5;74;1,2;1;310.739
355410;2025;2;01/02/2025;0;9;12;44;1;85;8;206554,83;Taubate;Fevereiro;25,9;70;1,1;1;310.739
355410;2025;3;01/03/2025;0;9;10;45;1;92;9;233671,89;Taubate;Março;24,7;71;1,3;1;310.739
355410;2025;4;01/04/2025;0;8;11;;1;112;6;166981,47;Taubate;Abril;22,6;76;2,5;1;310.739
355410;2025;5;01/05/2025;0;10;17;34;1;154;12;244705,41;Taubate;Maio;;60;8,5;1;310.739
355410;2025;6;01/06/2025;0;12;22;26;1;121;15;321596,82;Taubate;Junho;19,2;72;2,8;1;310.739
355410;2025;7;01/07/2025;0;13;18;40;1;103;12;300368,18;Taubate;Julho;17,1;69;;1;310.739
355410;2025;8;01/08/2025;0;14;16;47;1;112;10;325461,32;Taubate;Agosto;19,4;64;;1;310.739
355410;2025;9;01/09/2025;0;11;11;55;1;100;10;281559,1;Taubate;Setembro;21,6;60;;1;310.739
355410;2025;10;01/10/2025;0;11;11;52;1;125;11;336961,92;Taubate;Outubro;20,9;72;;1;310.739
355410;2025;11;01/11/2025;0;10;11;52;1;115;7;290749,85;Taubate;Novembro;22,3;70;;1;310.739
355410;2025;12;01/12/2025;0;9;10;50;1;71;5;137706,43;Taubate;Dezembro;25,2;68;;1;310.739
